,timestamp,visitorid,event,itemid,transactionid,hour,day_of_week,converted
0,2015-06-02 05:02:12.117,257597,view,355908,,5,Tuesday,0
1,2015-06-02 05:50:14.164,992329,view,248676,,5,Tuesday,0
2,2015-06-02 05:13:19.827,111016,view,318965,,5,Tuesday,0
3,2015-06-02 05:12:35.914,483717,view,253185,,5,Tuesday,0
4,2015-06-02 05:02:17.106,951259,view,367447,,5,Tuesday,0
5,2015-06-02 05:48:06.234,972639,view,22556,,5,Tuesday,0
6,2015-06-02 05:12:03.240,810725,view,443030,,5,Tuesday,0
7,2015-06-02 05:34:51.897,794181,view,439202,,5,Tuesday,0
8,2015-06-02 04:54:59.221,824915,view,428805,,4,Tuesday,0
9,2015-06-02 05:00:04.592,339335,view,82389,,5,Tuesday,0
10,2015-06-02 05:16:02.373,176446,view,10572,,5,Tuesday,0
11,2015-06-02 05:08:21.252,929206,view,410676,,5,Tuesday,0
12,2015-06-02 05:50:29.496,15795,view,44872,,5,Tuesday,0
13,2015-06-02 05:41:37.356,598426,view,156489,,5,Tuesday,0
14,2015-06-02 05:47:58.165,223343,view,402625,,5,Tuesday,0
15,2015-06-02 05:22:11.378,57036,view,334662,,5,Tuesday,0
16,2015-06-02 05:33:59.808,1377281,view,251467,,5,Tuesday,0
17,2015-06-02 05:33:56.124,287857,addtocart,5206,,5,Tuesday,0
18,2015-06-02 05:50:44.282,1370216,view,176721,,5,Tuesday,0
19,2015-06-02 04:57:58.505,158090,addtocart,10572,,4,Tuesday,1
20,2015-06-02 05:47:50.841,1398644,view,135256,,5,Tuesday,0
21,2015-06-02 05:50:52.461,653756,view,132316,,5,Tuesday,0
22,2015-06-02 05:01:14.809,1213673,view,343861,,5,Tuesday,0
23,2015-06-02 05:01:15.206,864246,view,36642,,5,Tuesday,0
24,2015-06-02 05:33:23.944,125625,view,17655,,5,Tuesday,0
25,2015-06-02 05:58:03.817,608100,view,187722,,5,Tuesday,0
26,2015-06-02 05:02:53.311,781127,view,21989,,5,Tuesday,0
27,2015-06-02 05:15:47.345,1076270,view,262799,,5,Tuesday,1
28,2015-06-02 05:55:54.732,453474,view,250696,,5,Tuesday,0
29,2015-06-02 05:02:57.547,1153198,view,388242,,5,Tuesday,0
30,2015-06-02 05:51:06.445,273888,view,205392,,5,Tuesday,0
31,2015-06-02 05:03:00.636,849453,view,123990,,5,Tuesday,0
32,2015-06-02 04:56:58.375,487887,view,345560,,4,Tuesday,0
33,2015-06-02 05:32:56.926,629333,view,128394,,5,Tuesday,0
34,2015-06-02 05:15:43.427,1130165,view,45337,,5,Tuesday,0
35,2015-06-02 05:57:24.638,361387,view,43485,,5,Tuesday,1
36,2015-06-02 05:40:43.340,112175,view,430845,,5,Tuesday,0
37,2015-06-02 05:37:51.170,860082,view,22926,,5,Tuesday,0
38,2015-06-02 05:32:39.620,784669,view,181743,,5,Tuesday,0
39,2015-06-02 05:20:38.241,1061147,view,280893,,5,Tuesday,0
40,2015-06-02 05:47:36.696,485456,view,216707,,5,Tuesday,0
41,2015-06-02 05:07:02.167,1342963,view,306886,,5,Tuesday,0
42,2015-06-02 05:42:56.925,969887,view,159780,,5,Tuesday,0
43,2015-06-02 05:32:28.655,759369,view,386527,,5,Tuesday,0
44,2015-06-02 05:32:26.605,1282360,view,106564,,5,Tuesday,0
45,2015-06-02 04:57:31.265,233317,view,75994,,4,Tuesday,0
46,2015-06-02 05:43:05.793,392042,view,280375,,5,Tuesday,0
47,2015-06-02 04:59:32.079,591038,view,367500,,4,Tuesday,0
48,2015-06-02 05:32:18.106,692195,view,112792,,5,Tuesday,0
49,2015-06-02 05:39:34.540,432882,view,102061,,5,Tuesday,0
50,2015-06-02 05:43:10.254,392042,view,16813,,5,Tuesday,0
51,2015-06-02 05:32:11.380,808133,view,128499,,5,Tuesday,0
52,2015-06-02 04:59:29.402,180680,view,456784,,4,Tuesday,0
53,2015-06-02 05:47:30.320,1151716,view,427725,,5,Tuesday,0
54,2015-06-02 05:15:34.037,597724,view,134264,,5,Tuesday,0
55,2015-06-02 04:55:44.616,179437,view,335975,,4,Tuesday,0
56,2015-06-02 04:58:07.074,794013,view,51354,,4,Tuesday,0
57,2015-06-02 05:19:25.385,975530,view,55555,,5,Tuesday,0
58,2015-06-02 05:31:42.457,741702,view,350819,,5,Tuesday,0
59,2015-06-02 05:03:31.595,1219180,view,422768,,5,Tuesday,0
60,2015-06-02 05:22:41.588,1143908,view,417464,,5,Tuesday,0
61,2015-06-02 05:36:00.663,1078178,view,323147,,5,Tuesday,0
62,2015-06-02 05:51:43.386,503970,view,448136,,5,Tuesday,0
63,2015-06-02 05:39:03.021,1193904,addtocart,255275,,5,Tuesday,0
64,2015-06-02 05:47:21.294,376913,view,140848,,5,Tuesday,0
65,2015-06-02 05:31:16.406,1262470,view,102986,,5,Tuesday,0
66,2015-06-02 05:03:42.147,1153198,view,357579,,5,Tuesday,0
67,2015-06-02 05:19:26.959,238317,view,348196,,5,Tuesday,0
68,2015-06-02 05:31:07.576,800456,view,31514,,5,Tuesday,0
69,2015-06-02 05:13:51.235,1219627,view,292444,,5,Tuesday,0
70,2015-06-02 04:59:12.282,526166,view,332761,,4,Tuesday,0
71,2015-06-02 04:58:12.368,685949,view,395002,,4,Tuesday,0
72,2015-06-02 05:37:27.924,860082,view,415437,,5,Tuesday,0
73,2015-06-02 04:59:09.711,721839,view,391289,,4,Tuesday,0
74,2015-06-02 05:52:04.329,635011,view,142075,,5,Tuesday,0
75,2015-06-02 05:22:51.026,293285,view,288868,,5,Tuesday,0
76,2015-06-02 05:44:14.839,21004,view,181142,,5,Tuesday,0
77,2015-06-02 05:44:15.932,1179587,view,367797,,5,Tuesday,0
78,2015-06-02 05:20:24.790,1059530,view,302509,,5,Tuesday,0
79,2015-06-02 05:49:05.724,854656,view,87947,,5,Tuesday,0
80,2015-06-02 05:39:47.786,77112,view,97879,,5,Tuesday,0
81,2015-06-02 05:57:46.941,557587,view,131882,,5,Tuesday,0
82,2015-06-02 05:44:22.777,83034,view,255833,,5,Tuesday,0
83,2015-06-02 05:00:37.091,233317,view,75994,,5,Tuesday,0
84,2015-06-02 05:44:26.018,993954,view,227935,,5,Tuesday,0
85,2015-06-02 05:44:26.632,1045426,view,69533,,5,Tuesday,0
86,2015-06-02 05:14:06.974,428642,view,359747,,5,Tuesday,0
87,2015-06-02 05:44:39.629,15795,view,81075,,5,Tuesday,0
88,2015-06-02 04:58:59.773,97140,view,257675,,4,Tuesday,0
89,2015-06-02 05:54:58.209,970474,view,324543,,5,Tuesday,0
90,2015-06-02 04:58:58.230,97140,view,328025,,4,Tuesday,0
91,2015-06-02 05:52:24.626,138674,view,202719,,5,Tuesday,0
92,2015-06-02 05:29:40.695,1045633,view,372688,,5,Tuesday,0
93,2015-06-02 05:54:31.042,202383,view,261865,,5,Tuesday,0
94,2015-06-02 05:59:14.197,1109336,view,431148,,5,Tuesday,0
95,2015-06-02 04:58:55.245,320957,view,102131,,4,Tuesday,0
96,2015-06-02 05:45:00.862,132736,view,67627,,5,Tuesday,0
97,2015-06-02 05:52:32.539,282587,view,78037,,5,Tuesday,0
98,2015-06-02 05:29:09.983,901571,view,458588,,5,Tuesday,0
99,2015-06-02 05:29:09.347,442035,view,75006,,5,Tuesday,0
100,2015-06-02 05:04:28.563,881338,view,24431,,5,Tuesday,0
101,2015-06-02 05:29:06.463,789114,view,412312,,5,Tuesday,0
102,2015-06-02 05:15:03.817,1096028,view,337686,,5,Tuesday,0
103,2015-06-02 05:29:02.281,1269628,view,137305,,5,Tuesday,0
104,2015-06-02 05:28:50.873,428642,view,167337,,5,Tuesday,0
105,2015-06-02 04:54:57.977,1217827,view,203231,,4,Tuesday,0
106,2015-06-02 04:58:43.646,1076270,view,269430,,4,Tuesday,1
107,2015-06-02 05:52:50.656,1137444,view,308053,,5,Tuesday,0
108,2015-06-02 05:09:36.140,1254314,view,202373,,5,Tuesday,0
109,2015-06-02 05:12:54.779,870742,view,456005,,5,Tuesday,0
110,2015-06-02 05:09:00.333,712443,view,346655,,5,Tuesday,1
111,2015-06-02 05:54:24.446,513527,view,227437,,5,Tuesday,0
112,2015-06-02 05:12:21.632,599528,addtocart,356475,,5,Tuesday,1
113,2015-06-02 05:23:15.153,1341619,view,77884,,5,Tuesday,0
114,2015-06-02 05:28:17.013,492414,view,279976,,5,Tuesday,0
115,2015-06-02 04:55:08.194,824915,view,25427,,4,Tuesday,0
116,2015-06-02 05:28:14.011,248805,view,347194,,5,Tuesday,0
117,2015-06-02 05:45:52.336,1263264,view,46097,,5,Tuesday,0
118,2015-06-02 05:59:42.317,239546,view,42002,,5,Tuesday,0
119,2015-06-02 05:20:09.338,506289,view,131383,,5,Tuesday,0
120,2015-06-02 05:27:57.292,432824,view,221347,,5,Tuesday,0
121,2015-06-02 05:27:56.482,8287,view,459752,,5,Tuesday,0
122,2015-06-02 05:46:08.687,338231,view,141264,,5,Tuesday,0
123,2015-06-02 05:14:48.855,398762,view,21886,,5,Tuesday,0
124,2015-06-02 05:53:08.360,625389,view,316135,,5,Tuesday,0
125,2015-06-02 05:27:40.128,428642,view,190172,,5,Tuesday,0
126,2015-06-02 04:58:28.142,911380,view,28540,,4,Tuesday,0
127,2015-06-02 05:23:25.362,326029,view,455763,,5,Tuesday,0
128,2015-06-02 04:58:27.378,357556,view,13091,,4,Tuesday,0
129,2015-06-02 05:53:16.283,536254,view,267839,,5,Tuesday,0
130,2015-06-02 05:17:56.276,599528,transaction,356475,4000.0,5,Tuesday,1
131,2015-06-02 05:05:12.084,1124962,view,213464,,5,Tuesday,0
132,2015-06-02 05:05:12.427,1402325,view,20889,,5,Tuesday,0
133,2015-06-02 05:27:04.444,930371,view,160161,,5,Tuesday,0
134,2015-06-02 05:27:00.149,1304277,view,341548,,5,Tuesday,0
135,2015-06-02 05:18:11.999,428642,view,7438,,5,Tuesday,0
136,2015-06-02 05:08:09.977,456697,view,398579,,5,Tuesday,0
137,2015-06-02 05:05:23.348,1118731,view,350689,,5,Tuesday,0
138,2015-06-02 04:55:12.321,390868,view,432330,,4,Tuesday,0
139,2015-06-02 05:00:29.122,1004326,view,432925,,5,Tuesday,0
140,2015-06-02 05:26:33.547,761633,view,432152,,5,Tuesday,0
141,2015-06-02 05:05:25.635,952604,view,466861,,5,Tuesday,0
142,2015-06-02 05:05:26.354,849453,view,423120,,5,Tuesday,0
143,2015-06-02 05:26:30.079,75249,view,283146,,5,Tuesday,0
144,2015-06-02 05:53:36.053,1028478,view,438681,,5,Tuesday,0
145,2015-06-02 05:40:36.836,77112,view,146700,,5,Tuesday,0
146,2015-06-02 05:08:44.640,448895,view,322930,,5,Tuesday,0
147,2015-06-02 04:54:32.479,736627,view,98498,,4,Tuesday,0
148,2015-06-02 05:26:12.343,301980,view,288280,,5,Tuesday,0
149,2015-06-02 05:08:38.235,1316756,view,303619,,5,Tuesday,0
150,2015-06-02 05:10:35.749,346219,view,37945,,5,Tuesday,0
151,2015-06-02 05:23:43.158,402205,view,46130,,5,Tuesday,0
152,2015-06-02 05:58:53.131,949379,view,310791,,5,Tuesday,0
153,2015-06-02 05:53:55.371,170060,view,213570,,5,Tuesday,0
154,2015-06-02 05:08:06.200,1249248,view,422425,,5,Tuesday,0
155,2015-06-02 05:13:18.234,265788,view,10620,,5,Tuesday,0
156,2015-06-02 04:56:06.569,424164,view,397256,,4,Tuesday,0
157,2015-06-02 05:16:21.172,1229852,view,389644,,5,Tuesday,0
158,2015-06-02 05:36:16.533,1241483,view,298868,,5,Tuesday,0
159,2015-06-02 04:56:05.740,132864,view,386146,,4,Tuesday,0
160,2015-06-02 05:25:21.345,1384997,view,134458,,5,Tuesday,0
161,2015-06-02 05:40:22.608,177820,view,244504,,5,Tuesday,0
162,2015-06-02 05:25:19.578,1107507,view,444338,,5,Tuesday,0
163,2015-06-02 05:19:01.342,497111,view,367617,,5,Tuesday,0
164,2015-06-02 05:24:06.781,529601,view,161166,,5,Tuesday,1
165,2015-06-02 05:05:58.611,1386874,view,261320,,5,Tuesday,0
166,2015-06-02 05:08:10.620,126887,view,413990,,5,Tuesday,0
167,2015-06-02 05:14:17.888,125625,view,25071,,5,Tuesday,0
168,2015-06-02 05:06:25.010,1153198,view,388242,,5,Tuesday,0
169,2015-06-02 05:21:40.605,122629,view,256368,,5,Tuesday,0
170,2015-06-02 05:21:32.114,231733,view,324624,,5,Tuesday,0
171,2015-06-02 05:10:46.073,870742,view,234255,,5,Tuesday,0
172,2015-06-02 05:13:32.357,266709,view,190545,,5,Tuesday,0
173,2015-06-02 05:21:22.735,208393,view,268266,,5,Tuesday,0
174,2015-06-02 05:07:30.063,589997,view,110122,,5,Tuesday,0
175,2015-06-02 05:40:51.491,800456,view,394254,,5,Tuesday,0
176,2015-06-02 04:57:18.433,1100013,view,40596,,4,Tuesday,0
177,2015-06-02 05:38:22.068,77112,view,38483,,5,Tuesday,0
178,2015-06-02 05:55:23.363,1044534,view,272187,,5,Tuesday,0
179,2015-06-02 04:54:40.956,105775,addtocart,312728,,4,Tuesday,0
180,2015-06-01 20:59:04.441,676969,view,276704,,20,Monday,0
181,2015-06-01 21:36:53.963,547051,view,184199,,21,Monday,0
182,2015-06-01 21:19:41.950,198036,view,337335,,21,Monday,0
183,2015-06-01 21:23:19.250,986452,view,429607,,21,Monday,0
184,2015-06-01 20:57:39.223,1044315,view,325262,,20,Monday,0
185,2015-06-01 21:10:24.992,249113,view,425726,,21,Monday,0
186,2015-06-01 21:16:02.097,672710,view,161346,,21,Monday,0
187,2015-06-01 21:11:20.618,824778,view,285173,,21,Monday,0
188,2015-06-01 21:27:40.639,79247,view,458894,,21,Monday,0
189,2015-06-01 21:09:57.501,1143402,view,272446,,21,Monday,0
190,2015-06-01 20:48:11.541,178282,view,449010,,20,Monday,0
191,2015-06-01 20:55:44.515,733007,view,188148,,20,Monday,0
192,2015-06-01 21:20:14.579,948586,view,402236,,21,Monday,0
193,2015-06-01 20:58:41.718,752818,view,43391,,20,Monday,0
194,2015-06-01 21:26:30.704,85734,view,331725,,21,Monday,1
195,2015-06-01 21:35:04.129,1323080,view,71957,,21,Monday,0
196,2015-06-01 21:18:55.886,820159,view,369447,,21,Monday,1
197,2015-06-01 21:19:55.554,927479,view,201940,,21,Monday,0
198,2015-06-01 21:23:18.367,463621,view,372845,,21,Monday,0
199,2015-06-01 21:07:46.366,290549,view,72611,,21,Monday,0
200,2015-06-01 21:33:28.687,937632,view,260581,,21,Monday,0
201,2015-06-01 21:04:11.984,511064,view,354042,,21,Monday,0
202,2015-06-01 21:34:33.728,998406,view,33638,,21,Monday,0
203,2015-06-01 21:05:50.383,1057088,view,334432,,21,Monday,0
204,2015-06-01 21:16:23.427,550788,view,440180,,21,Monday,0
205,2015-06-01 21:24:20.477,804607,view,459761,,21,Monday,0
206,2015-06-01 21:08:58.939,1242160,view,385376,,21,Monday,0
207,2015-06-01 21:38:59.377,256542,view,336552,,21,Monday,0
208,2015-06-01 21:18:10.116,668712,view,291770,,21,Monday,0
209,2015-06-01 21:30:37.764,227335,view,443967,,21,Monday,0
210,2015-06-01 21:00:01.521,457237,view,234185,,21,Monday,0
211,2015-06-01 21:29:37.067,1185234,view,154912,,21,Monday,1
212,2015-06-01 21:24:47.272,1046168,view,86238,,21,Monday,0
213,2015-06-01 21:34:58.623,85734,view,122834,,21,Monday,1
214,2015-06-01 20:54:27.753,121688,view,282803,,20,Monday,1
215,2015-06-01 21:36:47.083,939182,view,48743,,21,Monday,0
216,2015-06-01 21:03:04.970,951557,view,138439,,21,Monday,0
217,2015-06-01 21:24:37.348,73449,view,54008,,21,Monday,0
218,2015-06-01 21:30:39.109,1075043,view,178496,,21,Monday,0
219,2015-06-01 20:50:42.944,832459,view,458265,,20,Monday,0
220,2015-06-01 21:42:00.972,192487,view,170751,,21,Monday,0
221,2015-06-01 21:33:59.583,435847,view,2263,,21,Monday,0
222,2015-06-01 21:35:11.438,1202062,view,59776,,21,Monday,0
223,2015-06-01 21:24:08.420,812748,view,14671,,21,Monday,0
224,2015-06-01 21:35:16.775,131086,view,402110,,21,Monday,0
225,2015-06-01 21:32:52.591,609410,view,207825,,21,Monday,0
226,2015-06-01 21:10:03.719,855825,view,460643,,21,Monday,0
227,2015-06-01 20:49:53.118,15613,view,237422,,20,Monday,0
228,2015-06-01 21:27:25.795,110877,view,336855,,21,Monday,0
229,2015-06-01 21:23:16.802,1294366,view,204785,,21,Monday,0
230,2015-06-01 20:45:54.639,421206,view,392392,,20,Monday,0
231,2015-06-01 21:17:57.485,948586,view,164109,,21,Monday,0
232,2015-06-01 21:18:46.308,765834,view,179601,,21,Monday,0
233,2015-06-01 21:39:32.167,330834,view,134118,,21,Monday,0
234,2015-06-01 21:24:32.161,1294366,view,106279,,21,Monday,0
235,2015-06-01 21:26:19.951,1328894,view,43101,,21,Monday,0
236,2015-06-01 20:45:48.267,742458,view,250212,,20,Monday,0
237,2015-06-01 21:40:44.501,192487,view,153935,,21,Monday,0
238,2015-06-01 21:39:32.089,1370178,view,253175,,21,Monday,0
239,2015-06-01 20:56:42.594,425516,view,466472,,20,Monday,0
240,2015-06-01 21:24:20.039,1173577,view,106874,,21,Monday,0
241,2015-06-01 21:12:11.854,1102723,view,280375,,21,Monday,0
242,2015-06-01 21:15:23.906,1055632,view,316753,,21,Monday,0
243,2015-06-01 21:13:27.640,628886,view,105274,,21,Monday,0
244,2015-06-01 21:15:12.720,861030,view,59866,,21,Monday,0
245,2015-06-01 21:13:16.949,11598,view,62549,,21,Monday,0
246,2015-06-01 20:55:45.627,303145,view,32971,,20,Monday,0
247,2015-06-01 21:02:50.930,944943,view,426007,,21,Monday,0
248,2015-06-01 20:46:56.183,260599,view,86238,,20,Monday,0
249,2015-06-01 21:34:41.906,1188336,view,216095,,21,Monday,0
250,2015-06-01 21:17:43.474,1317317,view,14159,,21,Monday,0
251,2015-06-01 21:37:55.112,1354316,view,215767,,21,Monday,0
252,2015-06-01 21:43:03.676,1322055,view,308985,,21,Monday,0
253,2015-06-01 20:54:38.186,1375369,view,139936,,20,Monday,0
254,2015-06-01 21:20:11.299,286616,view,371590,,21,Monday,1
255,2015-06-01 20:45:44.655,971845,view,251813,,20,Monday,0
256,2015-06-01 21:14:32.942,859718,view,379264,,21,Monday,0
257,2015-06-01 20:45:23.072,229335,view,222613,,20,Monday,0
258,2015-06-01 21:36:39.663,1313440,view,347937,,21,Monday,0
259,2015-06-01 20:59:47.024,766230,view,286065,,20,Monday,0
260,2015-06-01 21:36:39.642,413869,view,232858,,21,Monday,0
261,2015-06-01 21:04:53.894,1057088,view,334432,,21,Monday,0
262,2015-06-01 20:48:09.644,980257,view,337431,,20,Monday,0
263,2015-06-01 21:41:54.324,1322055,view,308985,,21,Monday,0
264,2015-06-01 21:17:08.621,1141573,view,395596,,21,Monday,0
265,2015-06-01 21:40:33.684,800587,view,29100,,21,Monday,0
266,2015-06-01 21:14:06.662,214589,view,267010,,21,Monday,0
267,2015-06-01 21:09:34.675,1141573,view,203877,,21,Monday,0
268,2015-06-01 20:58:02.889,945697,view,96924,,20,Monday,0
269,2015-06-01 21:10:43.397,344176,view,95655,,21,Monday,0
270,2015-06-01 21:11:40.279,1017556,view,84160,,21,Monday,0
271,2015-06-01 21:21:43.544,820159,view,261793,,21,Monday,1
272,2015-06-01 20:49:34.514,612769,view,343537,,20,Monday,0
273,2015-06-01 21:26:34.575,968797,view,407343,,21,Monday,0
274,2015-06-01 21:31:43.032,292025,view,63184,,21,Monday,0
275,2015-06-01 21:41:33.874,679474,view,368057,,21,Monday,0
276,2015-06-01 21:01:35.279,1047271,view,105334,,21,Monday,0
277,2015-06-01 20:51:06.286,286616,view,243470,,20,Monday,1
278,2015-06-01 21:14:54.827,355079,view,444951,,21,Monday,0
279,2015-06-01 21:00:39.485,1323322,view,227470,,21,Monday,0
280,2015-06-01 21:39:52.189,24769,view,55364,,21,Monday,0
281,2015-06-01 21:22:28.486,463621,view,257040,,21,Monday,0
282,2015-06-01 20:48:54.910,991664,view,62312,,20,Monday,0
283,2015-06-01 21:43:23.616,1093035,view,444979,,21,Monday,1
284,2015-06-01 21:15:41.196,219304,view,374673,,21,Monday,0
285,2015-06-01 21:16:54.949,663314,view,47139,,21,Monday,0
286,2015-06-01 21:38:36.107,298291,view,24608,,21,Monday,0
287,2015-06-01 21:24:44.216,983709,view,198209,,21,Monday,0
288,2015-06-01 21:22:04.968,1136722,view,298056,,21,Monday,0
289,2015-06-01 20:55:13.953,623748,view,305760,,20,Monday,0
290,2015-06-01 21:18:55.063,115171,view,356283,,21,Monday,0
291,2015-06-01 21:24:41.704,320454,view,441953,,21,Monday,0
292,2015-06-01 21:20:34.926,820159,view,268881,,21,Monday,1
293,2015-06-01 20:49:20.912,178376,view,189563,,20,Monday,0
294,2015-06-01 21:01:46.380,1004326,view,432925,,21,Monday,0
295,2015-06-01 21:18:13.124,1317249,view,204070,,21,Monday,0
296,2015-06-01 20:48:49.853,118343,view,462945,,20,Monday,0
297,2015-06-01 21:09:19.427,317642,view,58869,,21,Monday,0
298,2015-06-01 21:31:28.004,1207572,view,19003,,21,Monday,0
299,2015-06-01 21:40:24.136,949171,view,150217,,21,Monday,0
300,2015-06-01 20:58:31.349,1195252,view,358130,,20,Monday,0
301,2015-06-01 21:06:15.770,227368,view,108638,,21,Monday,0
302,2015-06-01 21:42:49.716,196602,addtocart,63312,,21,Monday,0
303,2015-06-01 21:20:54.708,1159635,view,168527,,21,Monday,0
304,2015-06-01 21:18:20.981,121688,transaction,15335,11117.0,21,Monday,1
305,2015-06-01 20:44:37.403,421206,view,38006,,20,Monday,0
306,2015-06-01 21:02:45.867,536514,view,80299,,21,Monday,0
307,2015-06-01 21:12:55.924,115713,view,433059,,21,Monday,0
308,2015-06-01 20:49:48.633,1340085,view,159835,,20,Monday,0
309,2015-06-01 21:35:50.349,553696,view,265505,,21,Monday,0
310,2015-06-01 21:28:59.564,777066,view,125810,,21,Monday,0
311,2015-06-01 21:12:44.579,249113,view,181673,,21,Monday,0
312,2015-06-01 21:32:30.258,610183,view,436461,,21,Monday,0
313,2015-06-01 20:52:38.331,1332255,view,94488,,20,Monday,0
314,2015-06-01 20:56:58.717,789827,view,102229,,20,Monday,0
315,2015-06-01 20:57:11.907,1358943,view,233770,,20,Monday,0
316,2015-06-01 21:32:31.839,1065157,view,197980,,21,Monday,0
317,2015-06-01 21:04:26.341,160807,view,391289,,21,Monday,0
318,2015-06-01 21:01:59.806,886864,view,76196,,21,Monday,0
319,2015-06-01 21:28:14.518,1149807,view,141703,,21,Monday,0
320,2015-06-01 21:12:12.535,1134473,view,396045,,21,Monday,0
321,2015-06-01 21:19:14.368,385457,view,456627,,21,Monday,0
322,2015-06-01 20:52:28.760,832459,view,281657,,20,Monday,0
323,2015-06-01 21:35:31.464,192487,view,170751,,21,Monday,0
324,2015-06-01 21:12:42.715,1055125,view,263153,,21,Monday,0
325,2015-06-01 21:38:00.008,1015518,view,24291,,21,Monday,0
326,2015-06-01 21:00:25.487,940454,view,383336,,21,Monday,0
327,2015-06-01 20:49:47.095,333162,view,434278,,20,Monday,0
328,2015-06-01 21:37:59.579,138565,view,140861,,21,Monday,0
329,2015-06-01 20:47:16.446,351150,view,246110,,20,Monday,0
330,2015-06-01 20:46:24.678,850173,view,243470,,20,Monday,1
331,2015-06-01 20:50:51.912,1256332,view,165035,,20,Monday,0
332,2015-06-01 21:33:47.881,553917,view,93001,,21,Monday,0
333,2015-06-01 21:26:32.715,820159,view,281211,,21,Monday,1
334,2015-06-01 20:47:57.505,889022,view,395153,,20,Monday,0
335,2015-06-01 20:49:25.098,15613,view,89737,,20,Monday,0
336,2015-06-01 21:37:35.137,1291089,view,88318,,21,Monday,0
337,2015-06-01 21:40:46.767,38015,view,137633,,21,Monday,1
338,2015-06-01 21:05:15.740,778817,view,184370,,21,Monday,0
339,2015-06-01 21:09:41.610,1113676,view,350629,,21,Monday,0
340,2015-06-01 20:48:31.059,409263,view,360173,,20,Monday,0
341,2015-06-01 21:19:01.168,273406,view,36683,,21,Monday,1
342,2015-06-01 21:28:20.127,1163398,view,462203,,21,Monday,0
343,2015-06-01 21:34:30.209,1343346,view,20192,,21,Monday,0
344,2015-06-01 21:34:13.729,610183,view,396238,,21,Monday,0
345,2015-06-01 20:46:38.362,721927,view,59467,,20,Monday,0
346,2015-06-01 21:23:53.507,486646,view,306260,,21,Monday,0
347,2015-06-01 21:00:17.799,738984,view,61847,,21,Monday,0
348,2015-06-01 21:20:16.260,1404060,view,320970,,21,Monday,0
349,2015-06-01 21:12:56.627,216062,view,302948,,21,Monday,0
350,2015-06-01 20:53:38.538,588923,view,196038,,20,Monday,0
351,2015-06-01 20:45:26.588,9289,view,315393,,20,Monday,0
352,2015-06-01 21:03:55.883,1318763,view,379744,,21,Monday,0
353,2015-06-01 20:50:26.171,850173,view,85940,,20,Monday,1
354,2015-06-01 21:11:13.246,323192,view,185935,,21,Monday,0
355,2015-06-01 21:11:27.443,1099154,view,50467,,21,Monday,0
356,2015-06-01 21:30:59.639,85734,view,264801,,21,Monday,1
357,2015-06-01 21:32:57.032,371220,view,161478,,21,Monday,0
358,2015-06-01 20:56:22.037,179335,view,262107,,20,Monday,0
359,2015-06-01 21:18:49.619,1123910,view,189429,,21,Monday,0
360,2015-06-01 20:56:22.241,605852,view,80435,,20,Monday,0
361,2015-06-01 21:37:11.205,949171,view,76617,,21,Monday,0
362,2015-06-01 20:49:11.657,1349893,view,356320,,20,Monday,0
363,2015-06-01 21:05:20.617,294125,view,428825,,21,Monday,0
364,2015-06-01 21:25:27.030,416876,view,350766,,21,Monday,0
365,2015-06-01 21:18:46.932,127337,view,375492,,21,Monday,0
366,2015-06-01 21:27:33.638,1211545,view,107853,,21,Monday,0
367,2015-06-01 21:38:16.771,1314862,view,344224,,21,Monday,0
368,2015-06-01 21:08:21.157,950703,view,198620,,21,Monday,0
369,2015-06-01 21:27:53.557,757620,view,397995,,21,Monday,0
370,2015-06-01 21:22:40.835,463561,view,451967,,21,Monday,0
371,2015-06-01 21:24:33.160,812748,view,431148,,21,Monday,0
372,2015-06-01 21:25:48.993,690053,view,421615,,21,Monday,0
373,2015-06-01 21:41:30.697,803159,view,197245,,21,Monday,0
374,2015-06-01 21:36:18.342,939182,view,140861,,21,Monday,0
375,2015-06-01 21:05:33.238,1246148,view,58194,,21,Monday,0
376,2015-06-01 21:00:13.684,186920,view,248175,,21,Monday,0
377,2015-06-01 21:40:22.821,1222188,view,403716,,21,Monday,0
378,2015-06-01 20:57:47.220,1081792,view,135251,,20,Monday,0
379,2015-06-01 21:16:50.479,119444,view,78163,,21,Monday,0
380,2015-06-01 21:03:44.693,160807,view,280375,,21,Monday,0
381,2015-06-01 21:38:21.554,539910,view,385201,,21,Monday,1
382,2015-06-01 21:33:23.266,606967,view,192832,,21,Monday,0
383,2015-06-01 20:54:01.936,672744,view,318333,,20,Monday,0
384,2015-06-01 21:12:41.124,473837,view,416987,,21,Monday,0
385,2015-06-01 21:40:02.752,660365,view,449646,,21,Monday,0
386,2015-06-01 21:06:47.066,249113,view,295785,,21,Monday,0
387,2015-06-01 20:54:02.501,1273449,view,277613,,20,Monday,0
388,2015-06-01 21:38:21.874,1282331,view,65188,,21,Monday,0
389,2015-06-01 20:55:07.830,350566,view,458265,,20,Monday,1
390,2015-06-01 21:31:01.247,536068,view,91607,,21,Monday,0
391,2015-06-01 21:39:28.852,110929,view,377474,,21,Monday,0
392,2015-06-01 21:15:51.267,672710,view,77173,,21,Monday,0
393,2015-06-01 21:10:49.912,447658,view,302303,,21,Monday,0
394,2015-06-01 21:27:06.467,923376,view,385769,,21,Monday,0
395,2015-06-01 21:07:29.374,292205,view,102229,,21,Monday,0
396,2015-06-01 21:00:56.634,748891,view,176162,,21,Monday,0
397,2015-06-01 21:12:05.438,157954,view,143486,,21,Monday,0
398,2015-06-01 20:52:01.208,158096,view,154413,,20,Monday,0
399,2015-06-01 21:35:45.727,648957,view,121453,,21,Monday,0
400,2015-06-01 21:04:55.054,1377315,view,428952,,21,Monday,0
401,2015-06-01 20:57:46.935,109429,view,254477,,20,Monday,0
402,2015-06-01 21:03:36.589,178721,view,49347,,21,Monday,0
403,2015-06-01 21:39:05.128,883403,view,199810,,21,Monday,0
404,2015-06-01 21:23:09.881,1141573,view,233263,,21,Monday,0
405,2015-06-01 21:39:15.794,1370178,view,333560,,21,Monday,0
406,2015-06-01 21:26:45.239,350566,view,462394,,21,Monday,1
407,2015-06-01 21:42:15.948,266069,view,319910,,21,Monday,0
408,2015-06-01 20:57:40.061,1209307,view,123882,,20,Monday,0
409,2015-06-01 21:35:02.406,1185234,view,62746,,21,Monday,1
410,2015-06-01 21:31:20.594,7684,view,253615,,21,Monday,0
411,2015-06-01 20:48:59.062,1242160,view,267535,,20,Monday,0
412,2015-06-01 20:53:30.489,1312385,view,337358,,20,Monday,0
413,2015-06-01 21:27:13.035,1139541,view,364043,,21,Monday,0
414,2015-06-01 21:31:20.384,1395006,view,56352,,21,Monday,0
415,2015-06-01 20:53:35.852,422998,view,99496,,20,Monday,0
416,2015-06-01 21:23:29.956,924087,view,412404,,21,Monday,0
417,2015-06-01 21:09:35.894,611473,view,455006,,21,Monday,0
418,2015-06-01 21:25:15.008,552148,transaction,81345,5444.0,21,Monday,1
419,2015-06-01 21:18:38.184,768855,view,316444,,21,Monday,0
420,2015-06-01 21:10:32.159,639964,view,360258,,21,Monday,1
421,2015-06-01 21:30:22.728,418972,view,174172,,21,Monday,0
422,2015-06-01 20:59:48.905,98881,view,24477,,20,Monday,0
423,2015-06-01 21:29:42.025,420571,view,241752,,21,Monday,0
424,2015-06-01 21:13:52.883,179239,view,183238,,21,Monday,0
425,2015-06-01 21:41:04.488,7173,view,14974,,21,Monday,0
426,2015-06-01 21:08:12.426,32389,view,98728,,21,Monday,0
427,2015-06-01 21:05:47.163,1057088,view,147551,,21,Monday,0
428,2015-06-01 20:48:33.959,808813,view,67486,,20,Monday,1
429,2015-06-01 21:23:20.251,1054451,view,276105,,21,Monday,0
430,2015-06-01 21:08:36.241,251908,view,212837,,21,Monday,0
431,2015-06-01 20:49:40.678,588923,view,218505,,20,Monday,0
432,2015-06-01 21:36:20.641,209390,view,67487,,21,Monday,0
433,2015-06-01 21:26:50.662,95902,view,298598,,21,Monday,0
434,2015-06-01 21:06:52.552,544163,view,174955,,21,Monday,0
435,2015-06-01 20:59:13.698,158096,view,295785,,20,Monday,0
436,2015-06-01 21:23:05.460,1102703,view,103405,,21,Monday,0
437,2015-06-01 21:41:45.177,679474,view,83791,,21,Monday,0
438,2015-06-01 21:30:25.641,216332,view,65426,,21,Monday,0
439,2015-06-01 20:59:21.649,880180,view,58729,,20,Monday,0
440,2015-06-01 21:29:19.263,1046017,view,444848,,21,Monday,0
441,2015-06-01 21:04:31.854,1246148,view,58194,,21,Monday,0
442,2015-06-01 20:55:57.800,159104,view,463379,,20,Monday,0
443,2015-06-01 21:11:58.330,173287,view,35742,,21,Monday,0
444,2015-06-01 21:31:31.005,393390,view,465522,,21,Monday,0
445,2015-06-01 21:24:30.077,1104441,view,55799,,21,Monday,0
446,2015-06-01 20:53:44.594,753508,view,20785,,20,Monday,0
447,2015-06-01 21:11:29.034,1016655,view,122873,,21,Monday,0
448,2015-06-01 20:53:10.038,481837,view,247307,,20,Monday,0
449,2015-06-02 03:44:46.718,390730,view,181576,,3,Tuesday,0
450,2015-06-02 04:19:03.111,1353254,view,420056,,4,Tuesday,0
451,2015-06-02 04:19:06.802,98643,view,420960,,4,Tuesday,0
452,2015-06-02 04:34:59.169,987208,view,356837,,4,Tuesday,0
453,2015-06-02 04:07:36.322,519449,view,277651,,4,Tuesday,0
454,2015-06-02 04:14:05.073,164576,view,69408,,4,Tuesday,0
455,2015-06-02 04:53:22.151,479753,view,139068,,4,Tuesday,0
456,2015-06-02 04:44:14.274,56229,addtocart,115244,,4,Tuesday,0
457,2015-06-02 03:44:49.370,778866,view,281958,,3,Tuesday,0
458,2015-06-02 04:19:17.551,168685,addtocart,111530,,4,Tuesday,1
459,2015-06-02 04:19:17.893,734678,view,162345,,4,Tuesday,0
460,2015-06-02 04:14:09.342,662168,view,37029,,4,Tuesday,0
461,2015-06-02 04:19:21.995,1238871,view,51561,,4,Tuesday,0
462,2015-06-02 04:27:50.717,1039327,view,105878,,4,Tuesday,0
463,2015-06-02 04:19:22.620,332961,view,19572,,4,Tuesday,0
464,2015-06-02 04:03:50.558,868786,view,325353,,4,Tuesday,0
465,2015-06-02 04:30:13.350,255540,view,347657,,4,Tuesday,0
466,2015-06-02 03:42:39.709,777089,view,221329,,3,Tuesday,0
467,2015-06-02 04:19:27.984,1058384,view,257040,,4,Tuesday,0
468,2015-06-02 03:58:42.763,520695,view,273743,,3,Tuesday,0
469,2015-06-02 04:19:32.485,232712,view,336393,,4,Tuesday,0
470,2015-06-02 03:49:46.389,568374,view,79368,,3,Tuesday,0
471,2015-06-02 04:01:39.400,674436,view,207581,,4,Tuesday,0
472,2015-06-02 04:43:28.728,670253,view,390232,,4,Tuesday,0
473,2015-06-02 04:54:15.897,824915,view,292760,,4,Tuesday,0
474,2015-06-02 04:04:23.765,1203684,view,80953,,4,Tuesday,0
475,2015-06-02 03:57:05.844,46497,view,337262,,3,Tuesday,0
476,2015-06-02 03:53:01.141,1266913,view,380913,,3,Tuesday,0
477,2015-06-02 04:07:52.646,1132688,view,440128,,4,Tuesday,0
478,2015-06-02 04:00:39.876,310248,view,172340,,4,Tuesday,0
479,2015-06-02 04:51:07.123,580269,view,62866,,4,Tuesday,0
480,2015-06-02 04:40:51.727,492414,view,8501,,4,Tuesday,0
481,2015-06-02 04:19:47.846,791370,view,302946,,4,Tuesday,0
482,2015-06-02 04:33:31.486,841219,view,80700,,4,Tuesday,0
483,2015-06-02 03:59:02.961,573280,view,212918,,3,Tuesday,0
484,2015-06-02 04:39:52.412,1040932,view,212956,,4,Tuesday,0
485,2015-06-02 04:44:02.328,821184,view,399728,,4,Tuesday,0
486,2015-06-02 04:19:59.177,1179330,view,319506,,4,Tuesday,0
487,2015-06-02 03:49:30.132,197249,view,59477,,3,Tuesday,0
488,2015-06-02 04:25:19.335,663787,view,219936,,4,Tuesday,0
489,2015-06-02 04:20:07.424,741671,view,443875,,4,Tuesday,0
490,2015-06-02 04:51:13.811,774019,view,76734,,4,Tuesday,0
491,2015-06-02 03:45:06.043,874763,view,229257,,3,Tuesday,0
492,2015-06-02 04:54:08.630,467124,view,396318,,4,Tuesday,0
493,2015-06-02 03:52:53.197,1030058,view,183178,,3,Tuesday,0
494,2015-06-02 04:36:58.498,495280,view,387660,,4,Tuesday,0
495,2015-06-02 03:54:17.455,53588,view,463280,,3,Tuesday,0
496,2015-06-02 03:49:21.517,75384,view,418572,,3,Tuesday,0
497,2015-06-02 04:20:15.612,572783,view,73593,,4,Tuesday,0
498,2015-06-02 04:06:06.859,114471,view,44054,,4,Tuesday,0
499,2015-06-02 04:40:49.612,113274,view,380511,,4,Tuesday,0
500,2015-06-02 04:20:20.997,1398678,view,184585,,4,Tuesday,0
501,2015-06-02 04:20:32.625,1238871,view,51561,,4,Tuesday,0
502,2015-06-02 04:20:33.204,719855,view,303055,,4,Tuesday,0
503,2015-06-02 04:33:40.129,468850,view,179601,,4,Tuesday,0
504,2015-06-02 04:27:11.513,152407,view,89675,,4,Tuesday,0
505,2015-06-02 03:57:23.929,37840,view,297513,,3,Tuesday,0
506,2015-06-02 04:43:04.421,626205,view,226127,,4,Tuesday,0
507,2015-06-02 03:49:03.226,223779,view,463941,,3,Tuesday,0
508,2015-06-02 04:20:48.002,1038306,view,49810,,4,Tuesday,0
509,2015-06-02 04:04:02.534,997107,view,253353,,4,Tuesday,0
510,2015-06-02 04:20:55.073,55270,view,259487,,4,Tuesday,1
511,2015-06-02 03:52:42.685,932927,view,273743,,3,Tuesday,0
512,2015-06-02 04:20:56.734,375514,view,374363,,4,Tuesday,0
513,2015-06-02 03:48:56.981,772309,view,34435,,3,Tuesday,0
514,2015-06-02 04:40:46.418,1218450,view,424976,,4,Tuesday,0
515,2015-06-02 04:21:02.643,343908,view,105720,,4,Tuesday,0
516,2015-06-02 04:39:39.247,49552,view,137174,,4,Tuesday,0
517,2015-06-02 04:51:30.974,712443,view,431322,,4,Tuesday,1
518,2015-06-02 04:21:16.080,834802,view,115525,,4,Tuesday,0
519,2015-06-02 04:44:05.031,333827,view,335975,,4,Tuesday,0
520,2015-06-02 04:23:25.687,1324075,view,367975,,4,Tuesday,0
521,2015-06-02 03:57:25.797,901046,view,197968,,3,Tuesday,0
522,2015-06-02 04:36:25.580,369776,view,198798,,4,Tuesday,0
523,2015-06-02 04:10:38.410,1087049,view,30024,,4,Tuesday,0
524,2015-06-02 04:21:28.272,1238871,view,51561,,4,Tuesday,0
525,2015-06-02 04:48:43.541,123428,view,1981,,4,Tuesday,0
526,2015-06-02 04:12:24.824,1203692,view,220530,,4,Tuesday,0
527,2015-06-02 04:21:35.433,208110,view,199484,,4,Tuesday,0
528,2015-06-02 04:15:01.026,535937,view,206925,,4,Tuesday,0
529,2015-06-02 03:43:52.259,874763,view,268081,,3,Tuesday,0
530,2015-06-02 04:05:51.982,680960,view,305786,,4,Tuesday,0
531,2015-06-02 04:02:07.423,1360339,view,381653,,4,Tuesday,0
532,2015-06-02 04:36:18.202,976562,view,44220,,4,Tuesday,0
533,2015-06-02 04:33:53.772,915735,view,162932,,4,Tuesday,0
534,2015-06-02 03:48:28.582,1042749,view,172967,,3,Tuesday,1
535,2015-06-02 04:49:02.028,123428,view,151839,,4,Tuesday,0
536,2015-06-02 04:40:42.944,50634,view,400577,,4,Tuesday,0
537,2015-06-02 04:21:49.515,697865,view,343878,,4,Tuesday,0
538,2015-06-02 03:45:33.465,248698,view,94952,,3,Tuesday,0
539,2015-06-02 04:21:53.971,524378,view,417276,,4,Tuesday,0
540,2015-06-02 04:45:58.346,285091,view,450414,,4,Tuesday,0
541,2015-06-02 03:52:28.447,726049,view,463238,,3,Tuesday,0
542,2015-06-02 03:45:35.395,772309,addtocart,72422,,3,Tuesday,0
543,2015-06-02 04:21:58.777,1154250,view,362851,,4,Tuesday,0
544,2015-06-02 04:22:01.396,572783,view,328696,,4,Tuesday,0
545,2015-06-02 04:23:52.738,992115,view,182099,,4,Tuesday,0
546,2015-06-02 04:26:29.080,288847,view,398379,,4,Tuesday,0
547,2015-06-02 04:48:44.296,1008863,view,459186,,4,Tuesday,0
548,2015-06-02 03:52:22.716,169835,view,159603,,3,Tuesday,0
549,2015-06-02 03:48:06.935,703707,view,330649,,3,Tuesday,0
550,2015-06-02 04:34:01.357,5925,view,291413,,4,Tuesday,0
551,2015-06-02 04:22:21.216,159298,view,354676,,4,Tuesday,0
552,2015-06-02 03:48:04.780,450932,view,435713,,3,Tuesday,0
553,2015-06-02 04:47:08.311,328465,view,452210,,4,Tuesday,0
554,2015-06-02 04:00:50.552,194340,view,162243,,4,Tuesday,0
555,2015-06-02 04:26:19.174,304146,view,42002,,4,Tuesday,0
556,2015-06-02 04:12:33.931,1092695,addtocart,383488,,4,Tuesday,0
557,2015-06-02 03:47:56.714,1205474,view,123986,,3,Tuesday,0
558,2015-06-02 04:49:52.120,264879,view,115586,,4,Tuesday,0
559,2015-06-02 04:22:38.175,1154250,view,116794,,4,Tuesday,0
560,2015-06-02 04:31:32.276,1270927,view,278679,,4,Tuesday,0
561,2015-06-02 04:35:47.960,841219,view,72011,,4,Tuesday,0
562,2015-06-02 03:54:02.577,796623,view,227628,,3,Tuesday,0
563,2015-06-02 04:26:09.319,991242,view,318871,,4,Tuesday,0
564,2015-06-02 03:58:19.518,662168,view,184628,,3,Tuesday,0
565,2015-06-02 04:52:52.884,264879,view,115586,,4,Tuesday,0
566,2015-06-02 04:52:52.624,257432,view,239604,,4,Tuesday,0
567,2015-06-02 04:39:19.283,712443,view,346655,,4,Tuesday,1
568,2015-06-02 04:10:31.292,936361,view,246634,,4,Tuesday,0
569,2015-06-02 04:12:37.871,244974,view,328901,,4,Tuesday,0
570,2015-06-02 04:04:45.963,594902,view,64521,,4,Tuesday,0
571,2015-06-02 04:26:01.045,1317096,view,152085,,4,Tuesday,0
572,2015-06-02 03:56:23.269,37840,view,297513,,3,Tuesday,0
573,2015-06-02 04:08:44.231,995986,view,94099,,4,Tuesday,0
574,2015-06-02 04:42:21.392,1394724,view,291689,,4,Tuesday,0
575,2015-06-02 04:47:59.052,868445,view,156108,,4,Tuesday,0
576,2015-06-02 04:15:41.046,517546,view,97750,,4,Tuesday,0
577,2015-06-02 03:59:03.958,322679,view,352247,,3,Tuesday,0
578,2015-06-02 04:09:08.039,472949,view,310353,,4,Tuesday,0
579,2015-06-02 04:09:08.197,388217,view,170599,,4,Tuesday,0
580,2015-06-02 04:09:08.829,103440,view,349737,,4,Tuesday,0
581,2015-06-02 03:46:27.971,44558,view,262138,,3,Tuesday,0
582,2015-06-02 04:48:07.573,591033,view,460188,,4,Tuesday,0
583,2015-06-02 03:56:05.713,1140937,view,160259,,3,Tuesday,0
584,2015-06-02 04:09:14.553,1041483,view,89977,,4,Tuesday,0
585,2015-06-02 04:07:49.667,251041,view,393742,,4,Tuesday,0
586,2015-06-02 04:00:21.937,239740,addtocart,367667,,4,Tuesday,0
587,2015-06-02 04:49:58.812,712443,view,431322,,4,Tuesday,1
588,2015-06-02 04:08:29.710,1121229,view,370889,,4,Tuesday,0
589,2015-06-02 04:08:28.716,494732,view,137440,,4,Tuesday,0
590,2015-06-02 04:08:23.662,1120751,view,375588,,4,Tuesday,0
591,2015-06-02 04:53:54.470,994896,view,10572,,4,Tuesday,0
592,2015-06-02 04:43:47.943,1248118,view,459109,,4,Tuesday,0
593,2015-06-02 04:47:53.682,644296,view,203679,,4,Tuesday,0
594,2015-06-02 04:08:19.933,483962,view,35881,,4,Tuesday,0
595,2015-06-02 04:09:43.398,879797,view,427923,,4,Tuesday,0
596,2015-06-02 04:42:32.367,1187942,view,161026,,4,Tuesday,0
597,2015-06-02 04:41:56.635,1026160,view,197005,,4,Tuesday,1
598,2015-06-02 04:31:07.746,246753,view,284941,,4,Tuesday,0
599,2015-06-02 03:59:45.094,1092695,addtocart,38796,,3,Tuesday,0
600,2015-06-02 03:45:58.745,97140,view,323280,,3,Tuesday,0
601,2015-06-02 04:00:09.840,663067,view,167271,,4,Tuesday,0
602,2015-06-02 04:47:50.032,114598,view,179683,,4,Tuesday,0
603,2015-06-02 04:10:03.419,907809,view,57284,,4,Tuesday,0
604,2015-06-02 04:48:21.536,179196,view,466501,,4,Tuesday,0
605,2015-06-02 03:51:52.577,796623,view,227628,,3,Tuesday,0
606,2015-06-02 04:08:07.643,169835,view,14858,,4,Tuesday,0
607,2015-06-02 04:10:10.261,1137999,view,156094,,4,Tuesday,0
608,2015-06-02 04:04:44.313,154348,view,273940,,4,Tuesday,0
609,2015-06-02 04:52:43.474,992115,view,182099,,4,Tuesday,0
610,2015-06-02 04:10:13.174,936361,view,315545,,4,Tuesday,0
611,2015-06-02 04:02:32.051,1042749,view,172967,,4,Tuesday,1
612,2015-06-02 03:55:25.353,1025745,view,464731,,3,Tuesday,0
613,2015-06-02 03:56:50.543,1230877,view,60918,,3,Tuesday,0
614,2015-06-02 04:07:58.654,397995,view,229204,,4,Tuesday,0
615,2015-06-02 04:12:53.724,236181,view,67182,,4,Tuesday,0
616,2015-06-02 04:06:51.420,1299250,view,422948,,4,Tuesday,1
617,2015-06-02 04:12:55.150,1218306,view,171959,,4,Tuesday,0
618,2015-06-02 04:24:50.552,322142,view,311052,,4,Tuesday,0
619,2015-06-02 03:55:01.087,183568,view,335913,,3,Tuesday,0
620,2015-06-02 04:16:29.241,363915,view,260256,,4,Tuesday,0
621,2015-06-02 04:16:32.636,332961,view,464409,,4,Tuesday,0
622,2015-06-02 03:51:36.768,722736,view,167587,,3,Tuesday,0
623,2015-06-02 04:50:11.952,1398678,view,161688,,4,Tuesday,0
624,2015-06-02 04:44:44.481,285091,view,218541,,4,Tuesday,0
625,2015-06-02 04:50:14.148,328465,view,452210,,4,Tuesday,0
626,2015-06-02 04:01:21.432,1353620,view,247061,,4,Tuesday,0
627,2015-06-02 04:50:15.340,1046034,view,379002,,4,Tuesday,0
628,2015-06-02 04:32:46.491,255540,view,310590,,4,Tuesday,0
629,2015-06-02 04:16:48.582,992272,view,50814,,4,Tuesday,0
630,2015-06-02 04:13:08.645,926210,view,290839,,4,Tuesday,0
631,2015-06-02 04:03:30.130,662168,view,122604,,4,Tuesday,0
632,2015-06-02 04:02:58.643,481406,view,347013,,4,Tuesday,0
633,2015-06-02 03:42:54.429,1404060,view,272446,,3,Tuesday,0
634,2015-06-02 03:51:15.114,542333,view,199952,,3,Tuesday,0
635,2015-06-02 04:40:21.147,1402924,view,315543,,4,Tuesday,0
636,2015-06-02 04:38:26.599,306088,view,281442,,4,Tuesday,0
637,2015-06-02 04:17:16.795,776534,view,20388,,4,Tuesday,1
638,2015-06-02 04:05:11.121,1203684,addtocart,80953,,4,Tuesday,0
639,2015-06-02 04:00:32.756,192682,view,311303,,4,Tuesday,0
640,2015-06-02 03:54:33.969,914970,view,326449,,3,Tuesday,0
641,2015-06-02 04:02:45.656,596533,view,56153,,4,Tuesday,0
642,2015-06-02 04:01:08.704,1299250,view,422948,,4,Tuesday,1
643,2015-06-02 04:52:21.688,1141279,view,442837,,4,Tuesday,0
644,2015-06-02 03:58:37.350,65083,view,134353,,3,Tuesday,0
645,2015-06-02 04:00:12.201,591350,view,253615,,4,Tuesday,0
646,2015-06-02 04:17:34.430,788592,view,91755,,4,Tuesday,0
647,2015-06-02 04:17:36.157,443049,view,242521,,4,Tuesday,0
648,2015-06-02 04:17:36.883,776534,view,20388,,4,Tuesday,1
649,2015-06-02 04:17:37.204,624593,view,437293,,4,Tuesday,0
650,2015-06-02 04:17:42.538,1238871,view,51561,,4,Tuesday,0
651,2015-06-02 03:44:23.444,318122,view,6266,,3,Tuesday,0
652,2015-06-02 04:07:20.381,1373937,view,242567,,4,Tuesday,0
653,2015-06-02 04:17:50.607,745693,view,412297,,4,Tuesday,0
654,2015-06-02 04:53:33.104,1141279,view,133415,,4,Tuesday,0
655,2015-06-02 04:54:20.483,989491,view,389118,,4,Tuesday,0
656,2015-06-02 03:46:15.435,1081632,view,87575,,3,Tuesday,0
657,2015-06-02 04:24:12.619,745798,view,179849,,4,Tuesday,0
658,2015-06-02 04:03:37.997,255540,view,50048,,4,Tuesday,0
659,2015-06-02 04:06:31.330,407935,view,103076,,4,Tuesday,0
660,2015-06-02 04:18:00.765,1088319,view,93144,,4,Tuesday,0
661,2015-06-02 04:34:26.502,807025,view,437302,,4,Tuesday,0
662,2015-06-02 04:35:03.308,875630,view,186352,,4,Tuesday,0
663,2015-06-02 03:57:16.637,960480,view,393134,,3,Tuesday,0
664,2015-06-02 03:50:38.414,680829,view,188698,,3,Tuesday,0
665,2015-06-02 04:28:30.084,1317267,view,439537,,4,Tuesday,0
666,2015-06-02 04:42:59.464,769795,view,438182,,4,Tuesday,0
667,2015-06-02 04:02:46.975,1203684,view,53779,,4,Tuesday,0
668,2015-06-02 04:18:12.951,676904,view,37583,,4,Tuesday,0
669,2015-06-02 03:53:20.405,114473,view,32057,,3,Tuesday,0
670,2015-06-02 04:40:57.774,498467,view,57165,,4,Tuesday,0
671,2015-06-02 04:37:49.744,1756,view,296448,,4,Tuesday,0
672,2015-06-02 04:13:47.136,571258,addtocart,50329,,4,Tuesday,1
673,2015-06-02 03:50:24.543,132842,view,279690,,3,Tuesday,0
674,2015-06-02 03:46:32.965,1154250,view,367790,,3,Tuesday,0
675,2015-06-02 04:33:15.257,1044444,view,351825,,4,Tuesday,0
676,2015-06-02 04:13:53.694,662168,view,184628,,4,Tuesday,0
677,2015-06-02 04:43:00.667,922016,view,326799,,4,Tuesday,0
678,2015-06-02 04:04:24.610,960480,view,165348,,4,Tuesday,0
679,2015-06-02 03:42:38.478,874763,view,200537,,3,Tuesday,0
680,2015-06-02 04:06:23.563,328935,view,48072,,4,Tuesday,0
681,2015-06-02 04:18:45.824,98643,view,420960,,4,Tuesday,0
682,2015-06-02 04:18:54.507,833956,view,235224,,4,Tuesday,0
683,2015-06-02 04:06:21.477,1154250,view,367790,,4,Tuesday,0
684,2015-06-02 04:43:25.709,493360,view,422822,,4,Tuesday,0
685,2015-06-02 04:01:55.982,260791,view,323381,,4,Tuesday,0
686,2015-06-02 04:18:58.635,1120239,view,379752,,4,Tuesday,0
687,2015-06-02 04:31:39.096,835743,view,67438,,4,Tuesday,0
688,2015-06-02 04:28:02.166,1331854,view,288171,,4,Tuesday,0
689,2015-06-02 04:19:01.422,1194444,view,231243,,4,Tuesday,0
690,2015-06-01 16:08:30.943,289199,view,36906,,16,Monday,0
691,2015-06-01 16:25:43.200,596655,view,65889,,16,Monday,0
692,2015-06-01 16:18:41.312,532258,view,157361,,16,Monday,0
693,2015-06-01 15:36:58.911,1036871,view,187354,,15,Monday,0
694,2015-06-01 16:21:48.754,302896,view,257196,,16,Monday,0
695,2015-06-01 16:07:05.959,273406,addtocart,214912,,16,Monday,1
696,2015-06-01 15:36:11.345,610183,view,60214,,15,Monday,0
697,2015-06-01 15:47:08.668,769892,view,285729,,15,Monday,0
698,2015-06-01 15:30:36.281,12773,view,78849,,15,Monday,0
699,2015-06-01 15:29:38.643,649450,view,19664,,15,Monday,0
700,2015-06-01 16:34:59.968,809753,view,153280,,16,Monday,0
701,2015-06-01 15:39:27.013,633164,view,80622,,15,Monday,0
702,2015-06-01 15:36:52.842,1098018,view,86497,,15,Monday,0
703,2015-06-01 15:41:13.872,1130627,view,27494,,15,Monday,0
704,2015-06-01 16:18:37.360,273406,view,351798,,16,Monday,1
705,2015-06-01 15:33:38.588,813915,view,78060,,15,Monday,0
706,2015-06-01 15:52:18.045,322407,view,309403,,15,Monday,1
707,2015-06-01 15:47:38.460,325929,view,5440,,15,Monday,0
708,2015-06-01 15:40:18.110,212698,view,216305,,15,Monday,0
709,2015-06-01 15:57:15.482,356857,view,448817,,15,Monday,0
710,2015-06-01 16:19:06.693,615793,addtocart,355994,,16,Monday,0
711,2015-06-01 15:57:14.860,1345880,addtocart,52888,,15,Monday,0
712,2015-06-01 15:39:38.917,1285796,view,306344,,15,Monday,0
713,2015-06-01 16:26:57.138,615793,view,319992,,16,Monday,0
714,2015-06-01 15:31:06.524,1022530,view,59192,,15,Monday,0
715,2015-06-01 16:09:26.863,1164301,view,93900,,16,Monday,0
716,2015-06-01 16:33:57.490,499677,view,30513,,16,Monday,0
717,2015-06-01 16:26:56.314,835907,view,68892,,16,Monday,0
718,2015-06-01 16:27:56.757,1292420,addtocart,47352,,16,Monday,0
719,2015-06-01 16:28:45.569,20903,view,101094,,16,Monday,0
720,2015-06-01 16:39:41.582,938537,view,257773,,16,Monday,0
721,2015-06-01 16:27:07.191,820159,view,399053,,16,Monday,1
722,2015-06-01 16:18:31.766,8736,view,24358,,16,Monday,0
723,2015-06-01 16:36:27.177,1080654,view,300629,,16,Monday,0
724,2015-06-01 16:08:12.472,273406,addtocart,120098,,16,Monday,1
725,2015-06-01 16:05:45.404,969254,view,59691,,16,Monday,0
726,2015-06-01 16:09:34.537,350566,view,47457,,16,Monday,1
727,2015-06-01 16:35:39.371,503578,view,45121,,16,Monday,0
728,2015-06-01 16:15:08.147,234164,view,70277,,16,Monday,0
729,2015-06-01 15:58:29.393,161206,view,325256,,15,Monday,0
730,2015-06-01 16:02:13.951,1311137,view,49803,,16,Monday,0
731,2015-06-01 16:19:18.171,352608,view,113646,,16,Monday,0
732,2015-06-01 15:34:51.821,1223889,view,367490,,15,Monday,0
733,2015-06-01 15:26:49.757,63121,view,310791,,15,Monday,0
734,2015-06-01 16:31:46.262,294658,view,283550,,16,Monday,0
735,2015-06-01 16:21:39.239,647928,view,408649,,16,Monday,0
736,2015-06-01 15:39:18.304,1079704,view,237318,,15,Monday,0
737,2015-06-01 15:54:01.266,294006,view,441185,,15,Monday,0
738,2015-06-01 15:51:10.189,759131,view,13021,,15,Monday,0
739,2015-06-01 16:25:12.537,912233,view,378673,,16,Monday,0
740,2015-06-01 16:34:54.651,434006,view,100307,,16,Monday,0
741,2015-06-01 15:37:56.420,371359,view,139898,,15,Monday,0
742,2015-06-01 16:28:38.071,1327144,view,139593,,16,Monday,0
743,2015-06-01 16:18:25.192,113281,view,306513,,16,Monday,0
744,2015-06-01 15:54:20.048,1041499,view,368503,,15,Monday,0
745,2015-06-01 15:35:22.653,118053,view,304877,,15,Monday,0
746,2015-06-01 15:29:52.378,422883,view,54435,,15,Monday,0
747,2015-06-01 16:22:21.824,343153,view,253615,,16,Monday,0
748,2015-06-01 15:28:40.454,1172198,view,414460,,15,Monday,0
749,2015-06-01 16:09:56.338,273406,view,261288,,16,Monday,1
750,2015-06-01 16:15:20.420,1117221,view,320770,,16,Monday,0
751,2015-06-01 16:07:07.775,1093035,view,287356,,16,Monday,1
752,2015-06-01 16:39:13.187,315969,view,95426,,16,Monday,0
753,2015-06-01 15:51:01.310,983661,view,394522,,15,Monday,0
754,2015-06-01 15:30:46.969,995602,view,259455,,15,Monday,0
755,2015-06-01 16:12:25.954,1275438,view,234162,,16,Monday,0
756,2015-06-01 16:01:17.016,1381613,view,41932,,16,Monday,1
757,2015-06-01 16:03:23.266,693763,view,265482,,16,Monday,0
758,2015-06-01 16:10:03.803,673927,view,425647,,16,Monday,0
759,2015-06-01 15:56:30.052,983661,view,394522,,15,Monday,0
760,2015-06-01 15:44:20.763,954429,view,170751,,15,Monday,0
761,2015-06-01 16:15:28.543,759851,view,248816,,16,Monday,0
762,2015-06-01 15:50:55.105,96154,view,200270,,15,Monday,0
763,2015-06-01 16:03:18.991,189384,view,299044,,16,Monday,1
764,2015-06-01 15:56:28.395,1162854,addtocart,13031,,15,Monday,0
765,2015-06-01 16:04:01.955,492165,view,38913,,16,Monday,0
766,2015-06-01 15:52:44.603,425170,view,37402,,15,Monday,0
767,2015-06-01 16:26:03.370,485745,view,182642,,16,Monday,0
768,2015-06-01 15:41:41.336,1103102,view,413990,,15,Monday,0
769,2015-06-01 16:01:56.504,425170,view,228325,,16,Monday,0
770,2015-06-01 16:13:44.614,835907,view,50467,,16,Monday,0
771,2015-06-01 16:36:58.921,18581,view,187530,,16,Monday,0
772,2015-06-01 16:23:53.085,216801,view,289984,,16,Monday,0
773,2015-06-01 15:35:33.974,1398013,view,261863,,15,Monday,0
774,2015-06-01 15:27:33.557,112347,view,380493,,15,Monday,0
775,2015-06-01 16:34:11.051,632561,view,243336,,16,Monday,0
776,2015-06-01 15:39:48.153,1368359,view,457380,,15,Monday,0
777,2015-06-01 16:18:16.584,615793,view,355994,,16,Monday,0
778,2015-06-01 15:52:47.525,1242001,view,387279,,15,Monday,0
779,2015-06-01 15:39:48.388,1191882,view,154703,,15,Monday,0
780,2015-06-01 16:06:01.571,1215488,view,389545,,16,Monday,0
781,2015-06-01 16:07:17.702,1204552,view,179038,,16,Monday,0
782,2015-06-01 16:33:08.606,1161163,view,181527,,16,Monday,1
783,2015-06-01 16:31:38.817,190277,view,225083,,16,Monday,0
784,2015-06-01 15:39:12.057,556273,view,152085,,15,Monday,0
785,2015-06-01 15:46:32.655,322407,view,202835,,15,Monday,1
786,2015-06-01 16:10:16.210,314189,view,138027,,16,Monday,0
787,2015-06-01 15:32:34.114,965394,view,454672,,15,Monday,0
788,2015-06-01 15:34:16.189,889657,view,15327,,15,Monday,0
789,2015-06-01 16:30:23.373,83998,view,198251,,16,Monday,0
790,2015-06-01 16:30:51.023,623884,view,5127,,16,Monday,0
791,2015-06-01 15:43:15.834,943524,view,392074,,15,Monday,0
792,2015-06-01 16:10:17.711,234164,view,262917,,16,Monday,0
793,2015-06-01 16:36:23.251,312216,view,82452,,16,Monday,0
794,2015-06-01 15:42:22.688,452021,view,96680,,15,Monday,0
795,2015-06-01 15:28:45.331,653625,view,420871,,15,Monday,0
796,2015-06-01 15:43:14.376,551925,view,304719,,15,Monday,0
797,2015-06-01 16:02:40.982,229653,view,165816,,16,Monday,0
798,2015-06-01 15:44:25.433,1215130,view,235224,,15,Monday,0
799,2015-06-01 15:28:11.822,118053,view,304877,,15,Monday,0
800,2015-06-01 15:37:51.125,322407,view,260957,,15,Monday,1
801,2015-06-01 15:22:43.941,465755,view,294632,,15,Monday,0
802,2015-06-01 16:22:33.117,548480,view,41217,,16,Monday,0
803,2015-06-01 16:34:48.803,777696,view,158829,,16,Monday,0
804,2015-06-01 15:39:49.819,910665,view,161951,,15,Monday,0
805,2015-06-01 16:07:17.566,820159,view,80502,,16,Monday,1
806,2015-06-01 16:05:18.167,406429,view,78978,,16,Monday,0
807,2015-06-01 16:39:23.417,34648,view,281211,,16,Monday,1
808,2015-06-01 15:52:57.945,259302,view,299256,,15,Monday,0
809,2015-06-01 16:10:28.744,670171,view,429870,,16,Monday,0
810,2015-06-01 15:46:22.607,332434,view,97932,,15,Monday,0
811,2015-06-01 16:21:25.211,749276,addtocart,61240,,16,Monday,0
812,2015-06-01 16:07:03.118,104529,view,440373,,16,Monday,0
813,2015-06-01 16:15:47.884,936437,view,144675,,16,Monday,0
814,2015-06-01 16:38:56.375,102019,transaction,150318,13556.0,16,Monday,1
815,2015-06-01 15:36:43.000,348743,view,386056,,15,Monday,0
816,2015-06-01 16:03:48.286,369530,view,94198,,16,Monday,0
817,2015-06-01 16:06:18.418,601744,view,384514,,16,Monday,0
818,2015-06-01 16:22:37.803,886287,view,91452,,16,Monday,0
819,2015-06-01 16:28:51.188,800216,view,87824,,16,Monday,0
820,2015-06-01 15:35:00.240,1267731,view,39490,,15,Monday,0
821,2015-06-01 16:18:04.641,878815,view,355994,,16,Monday,0
822,2015-06-01 15:28:09.521,1371643,view,12765,,15,Monday,0
823,2015-06-01 15:58:39.711,425170,view,398012,,15,Monday,0
824,2015-06-01 16:33:49.280,809753,view,329693,,16,Monday,0
825,2015-06-01 15:37:09.022,1181810,view,444365,,15,Monday,0
826,2015-06-01 15:50:29.834,322407,view,337348,,15,Monday,1
827,2015-06-01 15:35:36.316,161416,view,303055,,15,Monday,0
828,2015-06-01 15:40:48.656,1130627,view,27494,,15,Monday,0
829,2015-06-01 16:02:29.836,291812,view,348942,,16,Monday,0
830,2015-06-01 16:27:19.617,1134896,view,87824,,16,Monday,0
831,2015-06-01 15:53:09.852,1403718,view,433165,,15,Monday,0
832,2015-06-01 16:39:30.383,451946,view,459475,,16,Monday,0
833,2015-06-01 16:36:30.113,1256558,view,361103,,16,Monday,0
834,2015-06-01 15:34:47.919,140279,addtocart,255708,,15,Monday,0
835,2015-06-01 15:46:11.419,556273,view,29908,,15,Monday,0
836,2015-06-01 16:16:00.916,234513,view,216695,,16,Monday,0
837,2015-06-01 15:40:44.388,779901,view,368094,,15,Monday,0
838,2015-06-01 16:17:54.508,1242777,view,430292,,16,Monday,1
839,2015-06-01 15:40:43.583,557378,view,24855,,15,Monday,0
840,2015-06-01 15:23:14.611,111566,view,325319,,15,Monday,0
841,2015-06-01 16:16:07.546,108118,view,157078,,16,Monday,0
842,2015-06-01 15:55:38.407,367820,view,43389,,15,Monday,0
843,2015-06-01 16:01:58.180,189384,transaction,310791,7244.0,16,Monday,1
844,2015-06-01 16:21:14.086,749276,view,61240,,16,Monday,0
845,2015-06-01 15:50:11.856,769892,view,335041,,15,Monday,0
846,2015-06-01 16:17:49.834,1401694,view,303715,,16,Monday,0
847,2015-06-01 16:17:49.591,878815,view,355994,,16,Monday,0
848,2015-06-01 16:16:11.191,1052536,view,428372,,16,Monday,0
849,2015-06-01 15:37:40.748,1269751,view,144076,,15,Monday,0
850,2015-06-01 15:40:39.791,556273,view,401264,,15,Monday,0
851,2015-06-01 15:50:07.741,5129,view,67748,,15,Monday,0
852,2015-06-01 16:05:59.285,740145,view,442683,,16,Monday,0
853,2015-06-01 16:13:06.893,1215544,view,182746,,16,Monday,0
854,2015-06-01 15:26:25.479,1298909,view,347974,,15,Monday,0
855,2015-06-01 16:13:04.863,442414,view,71846,,16,Monday,0
856,2015-06-01 16:00:23.344,1296338,view,147825,,16,Monday,0
857,2015-06-01 16:32:00.539,1235292,addtocart,240004,,16,Monday,1
858,2015-06-01 15:53:28.862,559000,view,313203,,15,Monday,0
859,2015-06-01 15:30:05.701,184551,view,277276,,15,Monday,0
860,2015-06-01 16:24:49.738,615793,view,319992,,16,Monday,0
861,2015-06-01 15:38:56.799,1014645,view,112568,,15,Monday,0
862,2015-06-01 15:55:22.649,425170,view,37402,,15,Monday,0
863,2015-06-01 15:25:16.549,1113387,view,266900,,15,Monday,0
864,2015-06-01 15:23:41.786,715063,view,319992,,15,Monday,0
865,2015-06-01 16:13:02.982,1037305,view,22471,,16,Monday,0
866,2015-06-01 15:59:22.973,370699,view,360403,,15,Monday,0
867,2015-06-01 16:13:02.449,1053369,view,138273,,16,Monday,0
868,2015-06-01 15:48:32.975,487643,view,29100,,15,Monday,0
869,2015-06-01 15:23:13.572,670816,view,296594,,15,Monday,0
870,2015-06-01 16:25:20.821,615793,view,460188,,16,Monday,0
871,2015-06-01 16:20:10.166,46719,view,340749,,16,Monday,0
872,2015-06-01 16:22:56.554,390248,view,327424,,16,Monday,0
873,2015-06-01 15:38:27.245,860226,view,431621,,15,Monday,0
874,2015-06-01 15:35:51.638,1208175,view,117564,,15,Monday,0
875,2015-06-01 15:42:45.706,557378,view,250658,,15,Monday,0
876,2015-06-01 16:33:00.987,1071395,view,368231,,16,Monday,0
877,2015-06-01 16:31:36.284,1080654,view,215413,,16,Monday,0
878,2015-06-01 15:25:26.355,347864,view,314784,,15,Monday,0
879,2015-06-01 15:44:49.649,69471,view,461301,,15,Monday,0
880,2015-06-01 16:11:23.670,433834,view,420578,,16,Monday,0
881,2015-06-01 15:59:01.347,189384,addtocart,310791,,15,Monday,1
882,2015-06-01 15:44:49.881,404768,view,421884,,15,Monday,0
883,2015-06-01 15:42:03.994,384824,view,392895,,15,Monday,0
884,2015-06-01 16:34:19.513,278983,view,75873,,16,Monday,0
885,2015-06-01 15:42:44.671,1221409,view,56763,,15,Monday,0
886,2015-06-01 16:03:54.926,273406,view,138114,,16,Monday,1
887,2015-06-01 16:28:18.244,518659,view,426298,,16,Monday,1
888,2015-06-01 15:55:09.166,651718,view,51646,,15,Monday,0
889,2015-06-01 16:29:32.191,322407,view,202835,,16,Monday,1
890,2015-06-01 15:59:47.932,312735,view,374841,,15,Monday,0
891,2015-06-01 16:36:17.400,76370,view,356236,,16,Monday,0
892,2015-06-01 15:37:14.929,494371,view,239020,,15,Monday,0
893,2015-06-01 16:05:03.043,73449,view,374101,,16,Monday,0
894,2015-06-01 16:24:55.575,138131,addtocart,430292,,16,Monday,1
895,2015-06-01 15:42:42.711,294858,view,245879,,15,Monday,0
896,2015-06-01 16:31:36.108,350566,view,379520,,16,Monday,1
897,2015-06-01 15:55:03.718,924226,view,325978,,15,Monday,0
898,2015-06-01 16:36:25.722,995781,view,415437,,16,Monday,0
899,2015-06-01 16:16:35.350,581,view,388097,,16,Monday,0
900,2015-06-01 15:55:01.993,629501,view,275648,,15,Monday,0
901,2015-06-01 16:27:44.808,121134,view,93067,,16,Monday,0
902,2015-06-01 16:39:38.262,485547,view,205347,,16,Monday,0
903,2015-06-01 16:20:17.490,1308748,view,122607,,16,Monday,0
904,2015-06-01 15:45:10.645,101700,view,100345,,15,Monday,0
905,2015-06-01 15:35:12.152,253731,view,307285,,15,Monday,0
906,2015-06-01 15:30:17.625,293206,addtocart,379092,,15,Monday,1
907,2015-06-01 15:25:37.224,891718,view,56710,,15,Monday,0
908,2015-06-01 16:20:18.422,390248,view,376911,,16,Monday,0
909,2015-06-01 15:45:41.749,565684,view,387488,,15,Monday,0
910,2015-06-01 16:20:19.219,615793,view,306433,,16,Monday,0
911,2015-06-01 15:35:40.779,785611,view,64751,,15,Monday,0
912,2015-06-01 16:07:30.679,14699,view,265166,,16,Monday,0
913,2015-06-01 15:26:13.453,500669,view,447995,,15,Monday,0
914,2015-06-01 16:31:48.726,1192199,view,461765,,16,Monday,1
915,2015-06-01 16:05:25.422,1033786,view,209619,,16,Monday,0
916,2015-06-01 16:01:07.797,1056912,view,110515,,16,Monday,0
917,2015-06-01 15:45:39.824,1103186,view,257952,,15,Monday,0
918,2015-06-01 16:34:33.625,35692,view,172063,,16,Monday,0
919,2015-06-01 15:27:36.013,118053,view,304877,,15,Monday,0
920,2015-06-01 15:32:37.638,1072485,view,38403,,15,Monday,0
921,2015-06-01 15:42:08.039,1194501,view,165084,,15,Monday,0
922,2015-06-01 16:37:20.051,409254,view,276245,,16,Monday,0
923,2015-06-01 16:27:43.071,343153,view,262159,,16,Monday,0
924,2015-06-01 15:32:25.953,1235292,view,293735,,15,Monday,1
925,2015-06-01 16:27:30.975,438659,view,4332,,16,Monday,0
926,2015-06-01 16:36:49.819,809753,view,153280,,16,Monday,0
927,2015-06-01 16:39:37.974,1321540,view,91249,,16,Monday,0
928,2015-06-01 15:45:12.893,40946,view,140141,,15,Monday,0
929,2015-06-01 15:45:35.616,404768,view,263188,,15,Monday,0
930,2015-06-01 16:20:25.341,1085369,view,267196,,16,Monday,0
931,2015-06-01 15:48:48.239,672060,view,217268,,15,Monday,0
932,2015-06-01 16:11:49.292,492165,view,191101,,16,Monday,0
933,2015-06-01 16:32:53.044,383770,view,158507,,16,Monday,0
934,2015-06-01 15:42:34.239,1349454,view,370956,,15,Monday,0
935,2015-06-01 16:16:48.906,189384,view,299044,,16,Monday,1
936,2015-06-01 15:44:59.307,284327,view,147965,,15,Monday,0
937,2015-06-01 15:42:32.925,1094964,view,6992,,15,Monday,0
938,2015-06-01 16:37:12.267,262510,view,58961,,16,Monday,0
939,2015-06-01 16:29:03.401,448855,view,256695,,16,Monday,0
940,2015-06-01 16:29:53.130,110339,view,10659,,16,Monday,0
941,2015-06-01 16:26:39.709,302896,view,111010,,16,Monday,0
942,2015-06-01 16:12:41.357,1053369,view,138273,,16,Monday,0
943,2015-06-01 16:36:14.575,1324247,view,391131,,16,Monday,0
944,2015-06-01 15:36:25.504,1390955,view,81470,,15,Monday,0
945,2015-06-01 15:36:32.159,518838,view,354701,,15,Monday,0
946,2015-06-01 15:25:52.825,697663,view,110994,,15,Monday,0
947,2015-06-01 16:20:29.346,343153,view,28100,,16,Monday,0
948,2015-06-01 16:27:34.009,1301339,view,209792,,16,Monday,0
949,2015-06-01 16:11:57.985,562136,view,293687,,16,Monday,0
950,2015-06-01 15:54:35.536,1221409,view,408404,,15,Monday,0
951,2015-06-01 16:12:00.851,1109399,view,387691,,16,Monday,0
952,2015-06-01 15:59:02.129,446721,view,332628,,15,Monday,0
953,2015-06-01 15:25:56.228,1098018,view,456889,,15,Monday,0
954,2015-06-01 16:04:18.922,901082,view,338130,,16,Monday,0
955,2015-06-01 16:12:38.211,1351643,view,156993,,16,Monday,0
956,2015-06-01 15:42:28.889,127547,view,177478,,15,Monday,0
957,2015-06-01 16:33:37.216,139579,view,188558,,16,Monday,0
958,2015-06-01 15:45:03.208,1326818,view,409655,,15,Monday,0
959,2015-06-01 16:25:05.485,1161163,view,383396,,16,Monday,1
960,2015-06-01 15:37:26.480,1308992,view,240421,,15,Monday,0
961,2015-06-01 15:35:46.315,1071808,view,426550,,15,Monday,0
962,2015-06-01 16:08:46.523,945706,view,121318,,16,Monday,1
963,2015-06-01 15:27:43.583,184551,view,277276,,15,Monday,0
964,2015-06-01 16:00:13.087,834101,view,429963,,16,Monday,0
965,2015-06-01 16:14:29.636,12635,view,275269,,16,Monday,0
966,2015-06-01 15:57:45.621,1235292,view,240004,,15,Monday,1
967,2015-06-01 15:43:57.084,404768,view,325256,,15,Monday,0
968,2015-06-01 16:14:26.327,752647,view,360516,,16,Monday,0
969,2015-06-01 15:38:08.176,751255,view,167484,,15,Monday,0
970,2015-06-01 15:47:20.262,668436,view,193359,,15,Monday,0
971,2015-06-01 16:00:30.018,1381613,view,60376,,16,Monday,1
972,2015-06-01 16:01:22.157,232569,view,306256,,16,Monday,0
973,2015-06-01 16:28:41.274,343153,view,262159,,16,Monday,0
974,2015-06-01 15:42:28.092,127547,view,391089,,15,Monday,0
975,2015-06-01 16:08:39.240,189384,view,299044,,16,Monday,1
976,2015-06-01 15:35:27.608,1223889,view,243355,,15,Monday,0
977,2015-06-01 15:51:52.155,127547,view,270950,,15,Monday,0
978,2015-06-01 16:25:45.068,472533,view,12523,,16,Monday,0
979,2015-06-01 16:08:36.114,1404317,view,99038,,16,Monday,0
980,2015-06-01 16:24:08.050,607793,view,168515,,16,Monday,0
981,2015-06-01 16:09:02.184,1283529,view,207108,,16,Monday,0
982,2015-06-01 15:27:33.651,73449,view,65286,,15,Monday,0
983,2015-06-01 15:36:07.661,977087,view,373384,,15,Monday,0
984,2015-06-01 16:35:02.466,1208311,view,375239,,16,Monday,0
985,2015-06-01 16:24:14.695,216801,view,19629,,16,Monday,0
986,2015-06-01 15:32:38.593,610183,view,272563,,15,Monday,0
987,2015-06-01 18:21:30.869,815279,view,12489,,18,Monday,0
988,2015-06-01 18:16:53.050,778052,view,234865,,18,Monday,0
989,2015-06-01 18:21:35.812,326157,view,88402,,18,Monday,0
990,2015-06-01 18:21:39.272,801815,view,365425,,18,Monday,0
991,2015-06-01 18:21:41.002,350566,view,299044,,18,Monday,1
992,2015-06-01 18:21:43.229,1083852,view,82174,,18,Monday,0
993,2015-06-01 18:16:31.447,973299,view,277264,,18,Monday,0
994,2015-06-01 18:21:52.334,826578,view,96776,,18,Monday,0
995,2015-06-01 18:21:54.051,130434,view,284600,,18,Monday,0
996,2015-06-01 18:21:56.416,1337946,view,183087,,18,Monday,0
997,2015-06-01 18:22:03.465,1210904,view,381265,,18,Monday,0
998,2015-06-01 18:22:09.093,728227,view,240909,,18,Monday,0
999,2015-06-01 18:15:53.006,1319300,view,63668,,18,Monday,0
