,timestamp,visitorid,event,itemid,transactionid,hour,day_of_week,converted,price,category,is_available,is_weekend,month
0,2015-06-02 05:02:12.117,257597,view,355908,,5,Tuesday,0,600.0,805,1,False,6
1,2015-06-02 05:02:12.117,257597,view,355908,,5,Tuesday,0,600.0,805,0,False,6
2,2015-06-02 05:02:12.117,257597,view,355908,,5,Tuesday,0,552.0,805,1,False,6
3,2015-06-02 05:02:12.117,257597,view,355908,,5,Tuesday,0,552.0,805,0,False,6
4,2015-06-02 05:02:12.117,257597,view,355908,,5,Tuesday,0,1020.0,805,1,False,6
5,2015-06-02 05:02:12.117,257597,view,355908,,5,Tuesday,0,1020.0,805,0,False,6
6,2015-06-02 05:02:12.117,257597,view,355908,,5,Tuesday,0,726.0,805,1,False,6
7,2015-06-02 05:02:12.117,257597,view,355908,,5,Tuesday,0,726.0,805,0,False,6
8,2015-06-02 05:02:12.117,257597,view,355908,,5,Tuesday,0,94080.0,805,1,False,6
9,2015-06-02 05:02:12.117,257597,view,355908,,5,Tuesday,0,94080.0,805,0,False,6
10,2015-06-02 05:02:12.117,257597,view,355908,,5,Tuesday,0,89280.0,805,1,False,6
11,2015-06-02 05:02:12.117,257597,view,355908,,5,Tuesday,0,89280.0,805,0,False,6
12,2015-06-02 05:02:12.117,257597,view,355908,,5,Tuesday,0,90480.0,805,1,False,6
13,2015-06-02 05:02:12.117,257597,view,355908,,5,Tuesday,0,90480.0,805,0,False,6
14,2015-06-02 05:02:12.117,257597,view,355908,,5,Tuesday,0,89400.0,805,1,False,6
15,2015-06-02 05:02:12.117,257597,view,355908,,5,Tuesday,0,89400.0,805,0,False,6
16,2015-06-02 05:02:12.117,257597,view,355908,,5,Tuesday,0,89040.0,805,1,False,6
17,2015-06-02 05:02:12.117,257597,view,355908,,5,Tuesday,0,89040.0,805,0,False,6
18,2015-06-02 05:02:12.117,257597,view,355908,,5,Tuesday,0,91320.0,805,1,False,6
19,2015-06-02 05:02:12.117,257597,view,355908,,5,Tuesday,0,91320.0,805,0,False,6
20,2015-06-02 05:02:12.117,257597,view,355908,,5,Tuesday,0,97080.0,805,1,False,6
21,2015-06-02 05:02:12.117,257597,view,355908,,5,Tuesday,0,97080.0,805,0,False,6
22,2015-06-02 05:02:12.117,257597,view,355908,,5,Tuesday,0,101520.0,805,1,False,6
23,2015-06-02 05:02:12.117,257597,view,355908,,5,Tuesday,0,101520.0,805,0,False,6
24,2015-06-02 05:02:12.117,257597,view,355908,,5,Tuesday,0,102360.0,805,1,False,6
25,2015-06-02 05:02:12.117,257597,view,355908,,5,Tuesday,0,102360.0,805,0,False,6
26,2015-06-02 05:02:12.117,257597,view,355908,,5,Tuesday,0,101400.0,805,1,False,6
27,2015-06-02 05:02:12.117,257597,view,355908,,5,Tuesday,0,101400.0,805,0,False,6
28,2015-06-02 05:02:12.117,257597,view,355908,,5,Tuesday,0,93720.0,805,1,False,6
29,2015-06-02 05:02:12.117,257597,view,355908,,5,Tuesday,0,93720.0,805,0,False,6
30,2015-06-02 05:50:14.164,992329,view,248676,,5,Tuesday,0,19800.0,901,1,False,6
31,2015-06-02 05:50:14.164,992329,view,248676,,5,Tuesday,0,18840.0,901,1,False,6
32,2015-06-02 05:50:14.164,992329,view,248676,,5,Tuesday,0,19080.0,901,1,False,6
33,2015-06-02 05:50:14.164,992329,view,248676,,5,Tuesday,0,18360.0,901,1,False,6
34,2015-06-02 05:50:14.164,992329,view,248676,,5,Tuesday,0,19440.0,901,1,False,6
35,2015-06-02 05:50:14.164,992329,view,248676,,5,Tuesday,0,19200.0,901,1,False,6
36,2015-06-02 05:50:14.164,992329,view,248676,,5,Tuesday,0,18240.0,901,1,False,6
37,2015-06-02 05:13:19.827,111016,view,318965,,5,Tuesday,0,45600.0,-1,1,False,6
38,2015-06-02 05:12:35.914,483717,view,253185,,5,Tuesday,0,12.0,226,0,False,6
39,2015-06-02 05:12:35.914,483717,view,253185,,5,Tuesday,0,34740.0,226,0,False,6
40,2015-06-02 05:12:35.914,483717,view,253185,,5,Tuesday,0,7200.0,226,0,False,6
41,2015-06-02 05:12:35.914,483717,view,253185,,5,Tuesday,0,2760.0,226,0,False,6
42,2015-06-02 05:12:35.914,483717,view,253185,,5,Tuesday,0,12000.0,226,0,False,6
43,2015-06-02 05:02:17.106,951259,view,367447,,5,Tuesday,0,23040.0,250,1,False,6
44,2015-06-02 05:02:17.106,951259,view,367447,,5,Tuesday,0,23040.0,250,0,False,6
45,2015-06-02 05:02:17.106,951259,view,367447,,5,Tuesday,0,23040.0,679,1,False,6
46,2015-06-02 05:02:17.106,951259,view,367447,,5,Tuesday,0,23040.0,679,0,False,6
47,2015-06-02 05:02:17.106,951259,view,367447,,5,Tuesday,0,12.0,250,1,False,6
48,2015-06-02 05:02:17.106,951259,view,367447,,5,Tuesday,0,12.0,250,0,False,6
49,2015-06-02 05:02:17.106,951259,view,367447,,5,Tuesday,0,12.0,679,1,False,6
50,2015-06-02 05:02:17.106,951259,view,367447,,5,Tuesday,0,12.0,679,0,False,6
51,2015-06-02 05:02:17.106,951259,view,367447,,5,Tuesday,0,380400.0,250,1,False,6
52,2015-06-02 05:02:17.106,951259,view,367447,,5,Tuesday,0,380400.0,250,0,False,6
53,2015-06-02 05:02:17.106,951259,view,367447,,5,Tuesday,0,380400.0,679,1,False,6
54,2015-06-02 05:02:17.106,951259,view,367447,,5,Tuesday,0,380400.0,679,0,False,6
55,2015-06-02 05:02:17.106,951259,view,367447,,5,Tuesday,0,443880.0,250,1,False,6
56,2015-06-02 05:02:17.106,951259,view,367447,,5,Tuesday,0,443880.0,250,0,False,6
57,2015-06-02 05:02:17.106,951259,view,367447,,5,Tuesday,0,443880.0,679,1,False,6
58,2015-06-02 05:02:17.106,951259,view,367447,,5,Tuesday,0,443880.0,679,0,False,6
59,2015-06-02 05:02:17.106,951259,view,367447,,5,Tuesday,0,318240.0,250,1,False,6
60,2015-06-02 05:02:17.106,951259,view,367447,,5,Tuesday,0,318240.0,250,0,False,6
61,2015-06-02 05:02:17.106,951259,view,367447,,5,Tuesday,0,318240.0,679,1,False,6
62,2015-06-02 05:02:17.106,951259,view,367447,,5,Tuesday,0,318240.0,679,0,False,6
63,2015-06-02 05:02:17.106,951259,view,367447,,5,Tuesday,0,307200.0,250,1,False,6
64,2015-06-02 05:02:17.106,951259,view,367447,,5,Tuesday,0,307200.0,250,0,False,6
65,2015-06-02 05:02:17.106,951259,view,367447,,5,Tuesday,0,307200.0,679,1,False,6
66,2015-06-02 05:02:17.106,951259,view,367447,,5,Tuesday,0,307200.0,679,0,False,6
67,2015-06-02 05:02:17.106,951259,view,367447,,5,Tuesday,0,335280.0,250,1,False,6
68,2015-06-02 05:02:17.106,951259,view,367447,,5,Tuesday,0,335280.0,250,0,False,6
69,2015-06-02 05:02:17.106,951259,view,367447,,5,Tuesday,0,335280.0,679,1,False,6
70,2015-06-02 05:02:17.106,951259,view,367447,,5,Tuesday,0,335280.0,679,0,False,6
71,2015-06-02 05:02:17.106,951259,view,367447,,5,Tuesday,0,319800.0,250,1,False,6
72,2015-06-02 05:02:17.106,951259,view,367447,,5,Tuesday,0,319800.0,250,0,False,6
73,2015-06-02 05:02:17.106,951259,view,367447,,5,Tuesday,0,319800.0,679,1,False,6
74,2015-06-02 05:02:17.106,951259,view,367447,,5,Tuesday,0,319800.0,679,0,False,6
75,2015-06-02 05:02:17.106,951259,view,367447,,5,Tuesday,0,192.0,250,1,False,6
76,2015-06-02 05:02:17.106,951259,view,367447,,5,Tuesday,0,192.0,250,0,False,6
77,2015-06-02 05:02:17.106,951259,view,367447,,5,Tuesday,0,192.0,679,1,False,6
78,2015-06-02 05:02:17.106,951259,view,367447,,5,Tuesday,0,192.0,679,0,False,6
79,2015-06-02 05:02:17.106,951259,view,367447,,5,Tuesday,0,1920.0,250,1,False,6
80,2015-06-02 05:02:17.106,951259,view,367447,,5,Tuesday,0,1920.0,250,0,False,6
81,2015-06-02 05:02:17.106,951259,view,367447,,5,Tuesday,0,1920.0,679,1,False,6
82,2015-06-02 05:02:17.106,951259,view,367447,,5,Tuesday,0,1920.0,679,0,False,6
83,2015-06-02 05:48:06.234,972639,view,22556,,5,Tuesday,0,74642124.0,339,1,False,6
84,2015-06-02 05:48:06.234,972639,view,22556,,5,Tuesday,0,74642124.0,339,0,False,6
85,2015-06-02 05:48:06.234,972639,view,22556,,5,Tuesday,0,4920.0,339,1,False,6
86,2015-06-02 05:48:06.234,972639,view,22556,,5,Tuesday,0,4920.0,339,0,False,6
87,2015-06-02 05:48:06.234,972639,view,22556,,5,Tuesday,0,4320.0,339,1,False,6
88,2015-06-02 05:48:06.234,972639,view,22556,,5,Tuesday,0,4320.0,339,0,False,6
89,2015-06-02 05:12:03.240,810725,view,443030,,5,Tuesday,0,45480.0,897,1,False,6
90,2015-06-02 05:12:03.240,810725,view,443030,,5,Tuesday,0,28800.0,897,1,False,6
91,2015-06-02 05:12:03.240,810725,view,443030,,5,Tuesday,0,37320.0,897,1,False,6
92,2015-06-02 05:12:03.240,810725,view,443030,,5,Tuesday,0,41640.0,897,1,False,6
93,2015-06-02 05:12:03.240,810725,view,443030,,5,Tuesday,0,37560.0,897,1,False,6
94,2015-06-02 05:12:03.240,810725,view,443030,,5,Tuesday,0,40680.0,897,1,False,6
95,2015-06-02 05:12:03.240,810725,view,443030,,5,Tuesday,0,36120.0,897,1,False,6
96,2015-06-02 05:12:03.240,810725,view,443030,,5,Tuesday,0,45864.0,897,1,False,6
97,2015-06-02 05:12:03.240,810725,view,443030,,5,Tuesday,0,40800.0,897,1,False,6
98,2015-06-02 05:12:03.240,810725,view,443030,,5,Tuesday,0,38520.0,897,1,False,6
99,2015-06-02 05:34:51.897,794181,view,439202,,5,Tuesday,0,24600.0,745,1,False,6
100,2015-06-02 05:34:51.897,794181,view,439202,,5,Tuesday,0,22560.0,745,1,False,6
101,2015-06-02 05:34:51.897,794181,view,439202,,5,Tuesday,0,23160.0,745,1,False,6
102,2015-06-02 05:34:51.897,794181,view,439202,,5,Tuesday,0,21000.0,745,1,False,6
103,2015-06-02 05:34:51.897,794181,view,439202,,5,Tuesday,0,28680.0,745,1,False,6
104,2015-06-02 05:34:51.897,794181,view,439202,,5,Tuesday,0,22200.0,745,1,False,6
105,2015-06-02 05:34:51.897,794181,view,439202,,5,Tuesday,0,23880.0,745,1,False,6
106,2015-06-02 05:34:51.897,794181,view,439202,,5,Tuesday,0,26400.0,745,1,False,6
107,2015-06-02 05:34:51.897,794181,view,439202,,5,Tuesday,0,20.4,745,1,False,6
108,2015-06-02 04:54:59.221,824915,view,428805,,4,Tuesday,0,237120.0,1606,1,False,6
109,2015-06-02 04:54:59.221,824915,view,428805,,4,Tuesday,0,237120.0,1606,0,False,6
110,2015-06-02 04:54:59.221,824915,view,428805,,4,Tuesday,0,224640.0,1606,1,False,6
111,2015-06-02 04:54:59.221,824915,view,428805,,4,Tuesday,0,224640.0,1606,0,False,6
112,2015-06-02 04:54:59.221,824915,view,428805,,4,Tuesday,0,229200.0,1606,1,False,6
113,2015-06-02 04:54:59.221,824915,view,428805,,4,Tuesday,0,229200.0,1606,0,False,6
114,2015-06-02 04:54:59.221,824915,view,428805,,4,Tuesday,0,48.0,1606,1,False,6
115,2015-06-02 04:54:59.221,824915,view,428805,,4,Tuesday,0,48.0,1606,0,False,6
116,2015-06-02 04:54:59.221,824915,view,428805,,4,Tuesday,0,12.0,1606,1,False,6
117,2015-06-02 04:54:59.221,824915,view,428805,,4,Tuesday,0,12.0,1606,0,False,6
118,2015-06-02 04:54:59.221,824915,view,428805,,4,Tuesday,0,180.0,1606,1,False,6
119,2015-06-02 04:54:59.221,824915,view,428805,,4,Tuesday,0,180.0,1606,0,False,6
120,2015-06-02 05:00:04.592,339335,view,82389,,5,Tuesday,0,27924.0,593,0,False,6
121,2015-06-02 05:00:04.592,339335,view,82389,,5,Tuesday,0,1184808.0,593,0,False,6
122,2015-06-02 05:16:02.373,176446,view,10572,,5,Tuesday,0,5700.0,402,0,False,6
123,2015-06-02 05:16:02.373,176446,view,10572,,5,Tuesday,0,5700.0,402,1,False,6
124,2015-06-02 05:16:02.373,176446,view,10572,,5,Tuesday,0,9180.0,402,0,False,6
125,2015-06-02 05:16:02.373,176446,view,10572,,5,Tuesday,0,9180.0,402,1,False,6
126,2015-06-02 05:16:02.373,176446,view,10572,,5,Tuesday,0,10080.0,402,0,False,6
127,2015-06-02 05:16:02.373,176446,view,10572,,5,Tuesday,0,10080.0,402,1,False,6
128,2015-06-02 05:16:02.373,176446,view,10572,,5,Tuesday,0,7920.0,402,0,False,6
129,2015-06-02 05:16:02.373,176446,view,10572,,5,Tuesday,0,7920.0,402,1,False,6
130,2015-06-02 05:16:02.373,176446,view,10572,,5,Tuesday,0,9840.0,402,0,False,6
131,2015-06-02 05:16:02.373,176446,view,10572,,5,Tuesday,0,9840.0,402,1,False,6
132,2015-06-02 05:16:02.373,176446,view,10572,,5,Tuesday,0,9720.0,402,0,False,6
133,2015-06-02 05:16:02.373,176446,view,10572,,5,Tuesday,0,9720.0,402,1,False,6
134,2015-06-02 05:16:02.373,176446,view,10572,,5,Tuesday,0,7320.0,402,0,False,6
135,2015-06-02 05:16:02.373,176446,view,10572,,5,Tuesday,0,7320.0,402,1,False,6
136,2015-06-02 05:08:21.252,929206,view,410676,,5,Tuesday,0,14400.0,1299,0,False,6
137,2015-06-02 05:08:21.252,929206,view,410676,,5,Tuesday,0,57600.0,1299,0,False,6
138,2015-06-02 05:08:21.252,929206,view,410676,,5,Tuesday,0,2592.0,1299,0,False,6
139,2015-06-02 05:08:21.252,929206,view,410676,,5,Tuesday,0,30240.0,1299,0,False,6
140,2015-06-02 05:50:29.496,15795,view,44872,,5,Tuesday,0,9.6,1056,1,False,6
141,2015-06-02 05:50:29.496,15795,view,44872,,5,Tuesday,0,9.6,164,1,False,6
142,2015-06-02 05:50:29.496,15795,view,44872,,5,Tuesday,0,3960.0,1056,1,False,6
143,2015-06-02 05:50:29.496,15795,view,44872,,5,Tuesday,0,3960.0,164,1,False,6
144,2015-06-02 05:50:29.496,15795,view,44872,,5,Tuesday,0,4560.0,1056,1,False,6
145,2015-06-02 05:50:29.496,15795,view,44872,,5,Tuesday,0,4560.0,164,1,False,6
146,2015-06-02 05:50:29.496,15795,view,44872,,5,Tuesday,0,4788.0,1056,1,False,6
147,2015-06-02 05:50:29.496,15795,view,44872,,5,Tuesday,0,4788.0,164,1,False,6
148,2015-06-02 05:41:37.356,598426,view,156489,,5,Tuesday,0,179880.0,1257,1,False,6
149,2015-06-02 05:41:37.356,598426,view,156489,,5,Tuesday,0,179880.0,1257,0,False,6
150,2015-06-02 05:41:37.356,598426,view,156489,,5,Tuesday,0,185040.0,1257,1,False,6
151,2015-06-02 05:41:37.356,598426,view,156489,,5,Tuesday,0,185040.0,1257,0,False,6
152,2015-06-02 05:41:37.356,598426,view,156489,,5,Tuesday,0,170892.0,1257,1,False,6
153,2015-06-02 05:41:37.356,598426,view,156489,,5,Tuesday,0,170892.0,1257,0,False,6
154,2015-06-02 05:41:37.356,598426,view,156489,,5,Tuesday,0,161040.0,1257,1,False,6
155,2015-06-02 05:41:37.356,598426,view,156489,,5,Tuesday,0,161040.0,1257,0,False,6
156,2015-06-02 05:41:37.356,598426,view,156489,,5,Tuesday,0,173880.0,1257,1,False,6
157,2015-06-02 05:41:37.356,598426,view,156489,,5,Tuesday,0,173880.0,1257,0,False,6
158,2015-06-02 05:41:37.356,598426,view,156489,,5,Tuesday,0,164280.0,1257,1,False,6
159,2015-06-02 05:41:37.356,598426,view,156489,,5,Tuesday,0,164280.0,1257,0,False,6
160,2015-06-02 05:47:58.165,223343,view,402625,,5,Tuesday,0,168.0,810,0,False,6
161,2015-06-02 05:47:58.165,223343,view,402625,,5,Tuesday,0,300.0,810,0,False,6
162,2015-06-02 05:47:58.165,223343,view,402625,,5,Tuesday,0,65880.0,810,0,False,6
163,2015-06-02 05:47:58.165,223343,view,402625,,5,Tuesday,0,174.0,810,0,False,6
164,2015-06-02 05:47:58.165,223343,view,402625,,5,Tuesday,0,288.0,810,0,False,6
165,2015-06-02 05:47:58.165,223343,view,402625,,5,Tuesday,0,3840.0,810,0,False,6
166,2015-06-02 05:22:11.378,57036,view,334662,,5,Tuesday,0,24600.0,1424,1,False,6
167,2015-06-02 05:22:11.378,57036,view,334662,,5,Tuesday,0,31440.0,1424,1,False,6
168,2015-06-02 05:22:11.378,57036,view,334662,,5,Tuesday,0,28200.0,1424,1,False,6
169,2015-06-02 05:22:11.378,57036,view,334662,,5,Tuesday,0,26760.0,1424,1,False,6
170,2015-06-02 05:22:11.378,57036,view,334662,,5,Tuesday,0,27960.0,1424,1,False,6
171,2015-06-02 05:33:59.808,1377281,view,251467,,5,Tuesday,0,126960.0,1331,1,False,6
172,2015-06-02 05:33:59.808,1377281,view,251467,,5,Tuesday,0,133680.0,1331,1,False,6
173,2015-06-02 05:33:59.808,1377281,view,251467,,5,Tuesday,0,110640.0,1331,1,False,6
174,2015-06-02 05:33:56.124,287857,addtocart,5206,,5,Tuesday,0,108.0,605,0,False,6
175,2015-06-02 05:33:56.124,287857,addtocart,5206,,5,Tuesday,0,108.0,605,1,False,6
176,2015-06-02 05:33:56.124,287857,addtocart,5206,,5,Tuesday,0,108.0,1482,0,False,6
177,2015-06-02 05:33:56.124,287857,addtocart,5206,,5,Tuesday,0,108.0,1482,1,False,6
178,2015-06-02 05:33:56.124,287857,addtocart,5206,,5,Tuesday,0,21360.0,605,0,False,6
179,2015-06-02 05:33:56.124,287857,addtocart,5206,,5,Tuesday,0,21360.0,605,1,False,6
180,2015-06-02 05:33:56.124,287857,addtocart,5206,,5,Tuesday,0,21360.0,1482,0,False,6
181,2015-06-02 05:33:56.124,287857,addtocart,5206,,5,Tuesday,0,21360.0,1482,1,False,6
182,2015-06-02 05:33:56.124,287857,addtocart,5206,,5,Tuesday,0,22200.0,605,0,False,6
183,2015-06-02 05:33:56.124,287857,addtocart,5206,,5,Tuesday,0,22200.0,605,1,False,6
184,2015-06-02 05:33:56.124,287857,addtocart,5206,,5,Tuesday,0,22200.0,1482,0,False,6
185,2015-06-02 05:33:56.124,287857,addtocart,5206,,5,Tuesday,0,22200.0,1482,1,False,6
186,2015-06-02 05:33:56.124,287857,addtocart,5206,,5,Tuesday,0,22920.0,605,0,False,6
187,2015-06-02 05:33:56.124,287857,addtocart,5206,,5,Tuesday,0,22920.0,605,1,False,6
188,2015-06-02 05:33:56.124,287857,addtocart,5206,,5,Tuesday,0,22920.0,1482,0,False,6
189,2015-06-02 05:33:56.124,287857,addtocart,5206,,5,Tuesday,0,22920.0,1482,1,False,6
190,2015-06-02 05:50:44.282,1370216,view,176721,,5,Tuesday,0,7188.0,1482,1,False,6
191,2015-06-02 05:50:44.282,1370216,view,176721,,5,Tuesday,0,5988.0,1482,1,False,6
192,2015-06-02 05:50:44.282,1370216,view,176721,,5,Tuesday,0,7800.0,1482,1,False,6
193,2015-06-02 05:50:44.282,1370216,view,176721,,5,Tuesday,0,8196.0,1482,1,False,6
194,2015-06-02 05:50:44.282,1370216,view,176721,,5,Tuesday,0,6600.0,1482,1,False,6
195,2015-06-02 05:50:44.282,1370216,view,176721,,5,Tuesday,0,15604032.0,1482,1,False,6
196,2015-06-02 05:50:44.282,1370216,view,176721,,5,Tuesday,0,240.0,1482,1,False,6
197,2015-06-02 04:57:58.505,158090,addtocart,10572,,4,Tuesday,1,5700.0,402,0,False,6
198,2015-06-02 04:57:58.505,158090,addtocart,10572,,4,Tuesday,1,5700.0,402,1,False,6
199,2015-06-02 04:57:58.505,158090,addtocart,10572,,4,Tuesday,1,9180.0,402,0,False,6
200,2015-06-02 04:57:58.505,158090,addtocart,10572,,4,Tuesday,1,9180.0,402,1,False,6
201,2015-06-02 04:57:58.505,158090,addtocart,10572,,4,Tuesday,1,10080.0,402,0,False,6
202,2015-06-02 04:57:58.505,158090,addtocart,10572,,4,Tuesday,1,10080.0,402,1,False,6
203,2015-06-02 04:57:58.505,158090,addtocart,10572,,4,Tuesday,1,7920.0,402,0,False,6
204,2015-06-02 04:57:58.505,158090,addtocart,10572,,4,Tuesday,1,7920.0,402,1,False,6
205,2015-06-02 04:57:58.505,158090,addtocart,10572,,4,Tuesday,1,9840.0,402,0,False,6
206,2015-06-02 04:57:58.505,158090,addtocart,10572,,4,Tuesday,1,9840.0,402,1,False,6
207,2015-06-02 04:57:58.505,158090,addtocart,10572,,4,Tuesday,1,9720.0,402,0,False,6
208,2015-06-02 04:57:58.505,158090,addtocart,10572,,4,Tuesday,1,9720.0,402,1,False,6
209,2015-06-02 04:57:58.505,158090,addtocart,10572,,4,Tuesday,1,7320.0,402,0,False,6
210,2015-06-02 04:57:58.505,158090,addtocart,10572,,4,Tuesday,1,7320.0,402,1,False,6
211,2015-06-02 05:47:50.841,1398644,view,135256,,5,Tuesday,0,6480.0,1424,0,False,6
212,2015-06-02 05:47:50.841,1398644,view,135256,,5,Tuesday,0,6480.0,1424,1,False,6
213,2015-06-02 05:47:50.841,1398644,view,135256,,5,Tuesday,0,6600.0,1424,0,False,6
214,2015-06-02 05:47:50.841,1398644,view,135256,,5,Tuesday,0,6600.0,1424,1,False,6
215,2015-06-02 05:50:52.461,653756,view,132316,,5,Tuesday,0,15228.0,1531,0,False,6
216,2015-06-02 05:50:52.461,653756,view,132316,,5,Tuesday,0,7436244.0,1531,0,False,6
217,2015-06-02 05:01:14.809,1213673,view,343861,,5,Tuesday,0,12000.0,250,1,False,6
218,2015-06-02 05:01:14.809,1213673,view,343861,,5,Tuesday,0,12000.0,250,0,False,6
219,2015-06-02 05:01:14.809,1213673,view,343861,,5,Tuesday,0,12000.0,679,1,False,6
220,2015-06-02 05:01:14.809,1213673,view,343861,,5,Tuesday,0,12000.0,679,0,False,6
221,2015-06-02 05:01:14.809,1213673,view,343861,,5,Tuesday,0,24.0,250,1,False,6
222,2015-06-02 05:01:14.809,1213673,view,343861,,5,Tuesday,0,24.0,250,0,False,6
223,2015-06-02 05:01:14.809,1213673,view,343861,,5,Tuesday,0,24.0,679,1,False,6
224,2015-06-02 05:01:14.809,1213673,view,343861,,5,Tuesday,0,24.0,679,0,False,6
225,2015-06-02 05:01:14.809,1213673,view,343861,,5,Tuesday,0,780.0,250,1,False,6
226,2015-06-02 05:01:14.809,1213673,view,343861,,5,Tuesday,0,780.0,250,0,False,6
227,2015-06-02 05:01:14.809,1213673,view,343861,,5,Tuesday,0,780.0,679,1,False,6
228,2015-06-02 05:01:14.809,1213673,view,343861,,5,Tuesday,0,780.0,679,0,False,6
229,2015-06-02 05:01:15.206,864246,view,36642,,5,Tuesday,0,480.0,561,0,False,6
230,2015-06-02 05:01:15.206,864246,view,36642,,5,Tuesday,0,387240.0,561,0,False,6
231,2015-06-02 05:01:15.206,864246,view,36642,,5,Tuesday,0,2400.0,561,0,False,6
232,2015-06-02 05:01:15.206,864246,view,36642,,5,Tuesday,0,23040.0,561,0,False,6
233,2015-06-02 05:33:23.944,125625,view,17655,,5,Tuesday,0,84.0,1313,1,False,6
234,2015-06-02 05:33:23.944,125625,view,17655,,5,Tuesday,0,1440.0,1313,1,False,6
235,2015-06-02 05:33:23.944,125625,view,17655,,5,Tuesday,0,23880.0,1313,1,False,6
236,2015-06-02 05:33:23.944,125625,view,17655,,5,Tuesday,0,24960.0,1313,1,False,6
237,2015-06-02 05:33:23.944,125625,view,17655,,5,Tuesday,0,23160.0,1313,1,False,6
238,2015-06-02 05:33:23.944,125625,view,17655,,5,Tuesday,0,24720.0,1313,1,False,6
239,2015-06-02 05:33:23.944,125625,view,17655,,5,Tuesday,0,25440.0,1313,1,False,6
240,2015-06-02 05:33:23.944,125625,view,17655,,5,Tuesday,0,23760.0,1313,1,False,6
241,2015-06-02 05:58:03.817,608100,view,187722,,5,Tuesday,0,1416.0,14,0,False,6
242,2015-06-02 05:58:03.817,608100,view,187722,,5,Tuesday,0,126480.0,14,0,False,6
243,2015-06-02 05:58:03.817,608100,view,187722,,5,Tuesday,0,1018488.0,14,0,False,6
244,2015-06-02 05:02:53.311,781127,view,21989,,5,Tuesday,0,87480.0,805,1,False,6
245,2015-06-02 05:02:53.311,781127,view,21989,,5,Tuesday,0,87480.0,805,0,False,6
246,2015-06-02 05:02:53.311,781127,view,21989,,5,Tuesday,0,89160.0,805,1,False,6
247,2015-06-02 05:02:53.311,781127,view,21989,,5,Tuesday,0,89160.0,805,0,False,6
248,2015-06-02 05:02:53.311,781127,view,21989,,5,Tuesday,0,83040.0,805,1,False,6
249,2015-06-02 05:02:53.311,781127,view,21989,,5,Tuesday,0,83040.0,805,0,False,6
250,2015-06-02 05:02:53.311,781127,view,21989,,5,Tuesday,0,92160.0,805,1,False,6
251,2015-06-02 05:02:53.311,781127,view,21989,,5,Tuesday,0,92160.0,805,0,False,6
252,2015-06-02 05:02:53.311,781127,view,21989,,5,Tuesday,0,660.0,805,1,False,6
253,2015-06-02 05:02:53.311,781127,view,21989,,5,Tuesday,0,660.0,805,0,False,6
254,2015-06-02 05:02:53.311,781127,view,21989,,5,Tuesday,0,552.0,805,1,False,6
255,2015-06-02 05:02:53.311,781127,view,21989,,5,Tuesday,0,552.0,805,0,False,6
256,2015-06-02 05:02:53.311,781127,view,21989,,5,Tuesday,0,480.0,805,1,False,6
257,2015-06-02 05:02:53.311,781127,view,21989,,5,Tuesday,0,480.0,805,0,False,6
258,2015-06-02 05:02:53.311,781127,view,21989,,5,Tuesday,0,468.0,805,1,False,6
259,2015-06-02 05:02:53.311,781127,view,21989,,5,Tuesday,0,468.0,805,0,False,6
260,2015-06-02 05:15:47.345,1076270,view,262799,,5,Tuesday,1,24.0,1145,1,False,6
261,2015-06-02 05:15:47.345,1076270,view,262799,,5,Tuesday,1,24.0,1145,0,False,6
262,2015-06-02 05:15:47.345,1076270,view,262799,,5,Tuesday,1,30.0,1145,1,False,6
263,2015-06-02 05:15:47.345,1076270,view,262799,,5,Tuesday,1,30.0,1145,0,False,6
264,2015-06-02 05:15:47.345,1076270,view,262799,,5,Tuesday,1,75840.0,1145,1,False,6
265,2015-06-02 05:15:47.345,1076270,view,262799,,5,Tuesday,1,75840.0,1145,0,False,6
266,2015-06-02 05:15:47.345,1076270,view,262799,,5,Tuesday,1,69480.0,1145,1,False,6
267,2015-06-02 05:15:47.345,1076270,view,262799,,5,Tuesday,1,69480.0,1145,0,False,6
268,2015-06-02 05:15:47.345,1076270,view,262799,,5,Tuesday,1,68640.0,1145,1,False,6
269,2015-06-02 05:15:47.345,1076270,view,262799,,5,Tuesday,1,68640.0,1145,0,False,6
270,2015-06-02 05:15:47.345,1076270,view,262799,,5,Tuesday,1,72480.0,1145,1,False,6
271,2015-06-02 05:15:47.345,1076270,view,262799,,5,Tuesday,1,72480.0,1145,0,False,6
272,2015-06-02 05:15:47.345,1076270,view,262799,,5,Tuesday,1,75360.0,1145,1,False,6
273,2015-06-02 05:15:47.345,1076270,view,262799,,5,Tuesday,1,75360.0,1145,0,False,6
274,2015-06-02 05:15:47.345,1076270,view,262799,,5,Tuesday,1,87360.0,1145,1,False,6
275,2015-06-02 05:15:47.345,1076270,view,262799,,5,Tuesday,1,87360.0,1145,0,False,6
276,2015-06-02 05:15:47.345,1076270,view,262799,,5,Tuesday,1,81120.0,1145,1,False,6
277,2015-06-02 05:15:47.345,1076270,view,262799,,5,Tuesday,1,81120.0,1145,0,False,6
278,2015-06-02 05:15:47.345,1076270,view,262799,,5,Tuesday,1,78000.0,1145,1,False,6
279,2015-06-02 05:15:47.345,1076270,view,262799,,5,Tuesday,1,78000.0,1145,0,False,6
280,2015-06-02 05:15:47.345,1076270,view,262799,,5,Tuesday,1,87120.0,1145,1,False,6
281,2015-06-02 05:15:47.345,1076270,view,262799,,5,Tuesday,1,87120.0,1145,0,False,6
282,2015-06-02 05:15:47.345,1076270,view,262799,,5,Tuesday,1,77760.0,1145,1,False,6
283,2015-06-02 05:15:47.345,1076270,view,262799,,5,Tuesday,1,77760.0,1145,0,False,6
284,2015-06-02 05:15:47.345,1076270,view,262799,,5,Tuesday,1,76560.0,1145,1,False,6
285,2015-06-02 05:15:47.345,1076270,view,262799,,5,Tuesday,1,76560.0,1145,0,False,6
286,2015-06-02 05:15:47.345,1076270,view,262799,,5,Tuesday,1,95880.0,1145,1,False,6
287,2015-06-02 05:15:47.345,1076270,view,262799,,5,Tuesday,1,95880.0,1145,0,False,6
288,2015-06-02 05:15:47.345,1076270,view,262799,,5,Tuesday,1,95280.0,1145,1,False,6
289,2015-06-02 05:15:47.345,1076270,view,262799,,5,Tuesday,1,95280.0,1145,0,False,6
290,2015-06-02 05:15:47.345,1076270,view,262799,,5,Tuesday,1,90120.0,1145,1,False,6
291,2015-06-02 05:15:47.345,1076270,view,262799,,5,Tuesday,1,90120.0,1145,0,False,6
292,2015-06-02 05:15:47.345,1076270,view,262799,,5,Tuesday,1,70200.0,1145,1,False,6
293,2015-06-02 05:15:47.345,1076270,view,262799,,5,Tuesday,1,70200.0,1145,0,False,6
294,2015-06-02 05:15:47.345,1076270,view,262799,,5,Tuesday,1,78120.0,1145,1,False,6
295,2015-06-02 05:15:47.345,1076270,view,262799,,5,Tuesday,1,78120.0,1145,0,False,6
296,2015-06-02 05:55:54.732,453474,view,250696,,5,Tuesday,0,61.2,1621,0,False,6
297,2015-06-02 05:55:54.732,453474,view,250696,,5,Tuesday,0,93840.0,1621,0,False,6
298,2015-06-02 05:02:57.547,1153198,view,388242,,5,Tuesday,0,620160.0,955,1,False,6
299,2015-06-02 05:02:57.547,1153198,view,388242,,5,Tuesday,0,620160.0,955,0,False,6
300,2015-06-02 05:02:57.547,1153198,view,388242,,5,Tuesday,0,612360.0,955,1,False,6
301,2015-06-02 05:02:57.547,1153198,view,388242,,5,Tuesday,0,612360.0,955,0,False,6
302,2015-06-02 05:02:57.547,1153198,view,388242,,5,Tuesday,0,619200.0,955,1,False,6
303,2015-06-02 05:02:57.547,1153198,view,388242,,5,Tuesday,0,619200.0,955,0,False,6
304,2015-06-02 05:02:57.547,1153198,view,388242,,5,Tuesday,0,24.0,955,1,False,6
305,2015-06-02 05:02:57.547,1153198,view,388242,,5,Tuesday,0,24.0,955,0,False,6
306,2015-06-02 05:02:57.547,1153198,view,388242,,5,Tuesday,0,618240.0,955,1,False,6
307,2015-06-02 05:02:57.547,1153198,view,388242,,5,Tuesday,0,618240.0,955,0,False,6
308,2015-06-02 05:02:57.547,1153198,view,388242,,5,Tuesday,0,602160.0,955,1,False,6
309,2015-06-02 05:02:57.547,1153198,view,388242,,5,Tuesday,0,602160.0,955,0,False,6
310,2015-06-02 05:02:57.547,1153198,view,388242,,5,Tuesday,0,612600.0,955,1,False,6
311,2015-06-02 05:02:57.547,1153198,view,388242,,5,Tuesday,0,612600.0,955,0,False,6
312,2015-06-02 05:02:57.547,1153198,view,388242,,5,Tuesday,0,610680.0,955,1,False,6
313,2015-06-02 05:02:57.547,1153198,view,388242,,5,Tuesday,0,610680.0,955,0,False,6
314,2015-06-02 05:02:57.547,1153198,view,388242,,5,Tuesday,0,791880.0,955,1,False,6
315,2015-06-02 05:02:57.547,1153198,view,388242,,5,Tuesday,0,791880.0,955,0,False,6
316,2015-06-02 05:51:06.445,273888,view,205392,,5,Tuesday,0,407520.0,955,1,False,6
317,2015-06-02 05:51:06.445,273888,view,205392,,5,Tuesday,0,407520.0,955,0,False,6
318,2015-06-02 05:51:06.445,273888,view,205392,,5,Tuesday,0,408960.0,955,1,False,6
319,2015-06-02 05:51:06.445,273888,view,205392,,5,Tuesday,0,408960.0,955,0,False,6
320,2015-06-02 05:51:06.445,273888,view,205392,,5,Tuesday,0,24.0,955,1,False,6
321,2015-06-02 05:51:06.445,273888,view,205392,,5,Tuesday,0,24.0,955,0,False,6
322,2015-06-02 05:51:06.445,273888,view,205392,,5,Tuesday,0,378960.0,955,1,False,6
323,2015-06-02 05:51:06.445,273888,view,205392,,5,Tuesday,0,378960.0,955,0,False,6
324,2015-06-02 05:51:06.445,273888,view,205392,,5,Tuesday,0,405360.0,955,1,False,6
325,2015-06-02 05:51:06.445,273888,view,205392,,5,Tuesday,0,405360.0,955,0,False,6
326,2015-06-02 05:51:06.445,273888,view,205392,,5,Tuesday,0,427080.0,955,1,False,6
327,2015-06-02 05:51:06.445,273888,view,205392,,5,Tuesday,0,427080.0,955,0,False,6
328,2015-06-02 05:51:06.445,273888,view,205392,,5,Tuesday,0,412920.0,955,1,False,6
329,2015-06-02 05:51:06.445,273888,view,205392,,5,Tuesday,0,412920.0,955,0,False,6
330,2015-06-02 05:51:06.445,273888,view,205392,,5,Tuesday,0,461160.0,955,1,False,6
331,2015-06-02 05:51:06.445,273888,view,205392,,5,Tuesday,0,461160.0,955,0,False,6
332,2015-06-02 05:51:06.445,273888,view,205392,,5,Tuesday,0,440640.0,955,1,False,6
333,2015-06-02 05:51:06.445,273888,view,205392,,5,Tuesday,0,440640.0,955,0,False,6
334,2015-06-02 05:51:06.445,273888,view,205392,,5,Tuesday,0,424320.0,955,1,False,6
335,2015-06-02 05:51:06.445,273888,view,205392,,5,Tuesday,0,424320.0,955,0,False,6
336,2015-06-02 05:51:06.445,273888,view,205392,,5,Tuesday,0,432120.0,955,1,False,6
337,2015-06-02 05:51:06.445,273888,view,205392,,5,Tuesday,0,432120.0,955,0,False,6
338,2015-06-02 05:03:00.636,849453,view,123990,,5,Tuesday,0,6960.0,426,0,False,6
339,2015-06-02 05:03:00.636,849453,view,123990,,5,Tuesday,0,72.0,426,0,False,6
340,2015-06-02 04:56:58.375,487887,view,345560,,4,Tuesday,0,204.0,605,0,False,6
341,2015-06-02 04:56:58.375,487887,view,345560,,4,Tuesday,0,14040.0,605,0,False,6
342,2015-06-02 04:56:58.375,487887,view,345560,,4,Tuesday,0,7530252.0,605,0,False,6
343,2015-06-02 05:32:56.926,629333,view,128394,,5,Tuesday,0,3840.0,500,0,False,6
344,2015-06-02 05:32:56.926,629333,view,128394,,5,Tuesday,0,21.6,500,0,False,6
345,2015-06-02 05:32:56.926,629333,view,128394,,5,Tuesday,0,287880.0,500,0,False,6
346,2015-06-02 05:32:56.926,629333,view,128394,,5,Tuesday,0,144.0,500,0,False,6
347,2015-06-02 05:32:56.926,629333,view,128394,,5,Tuesday,0,33.6,500,0,False,6
348,2015-06-02 05:32:56.926,629333,view,128394,,5,Tuesday,0,145.2,500,0,False,6
349,2015-06-02 05:32:56.926,629333,view,128394,,5,Tuesday,0,15.6,500,0,False,6
350,2015-06-02 05:32:56.926,629333,view,128394,,5,Tuesday,0,355.2,500,0,False,6
351,2015-06-02 05:32:56.926,629333,view,128394,,5,Tuesday,0,17.04,500,0,False,6
352,2015-06-02 05:32:56.926,629333,view,128394,,5,Tuesday,0,48.0,500,0,False,6
353,2015-06-02 05:32:56.926,629333,view,128394,,5,Tuesday,0,244.8,500,0,False,6
354,2015-06-02 05:15:43.427,1130165,view,45337,,5,Tuesday,0,45600.0,206,0,False,6
355,2015-06-02 05:15:43.427,1130165,view,45337,,5,Tuesday,0,8784.0,206,0,False,6
356,2015-06-02 05:15:43.427,1130165,view,45337,,5,Tuesday,0,15360.0,206,0,False,6
357,2015-06-02 05:15:43.427,1130165,view,45337,,5,Tuesday,0,12.0,206,0,False,6
358,2015-06-02 05:15:43.427,1130165,view,45337,,5,Tuesday,0,116640.0,206,0,False,6
359,2015-06-02 05:57:24.638,361387,view,43485,,5,Tuesday,1,45600.0,-1,1,False,6
360,2015-06-02 05:40:43.340,112175,view,430845,,5,Tuesday,0,960.0,968,1,False,6
361,2015-06-02 05:40:43.340,112175,view,430845,,5,Tuesday,0,960.0,968,0,False,6
362,2015-06-02 05:40:43.340,112175,view,430845,,5,Tuesday,0,112809876.0,968,1,False,6
363,2015-06-02 05:40:43.340,112175,view,430845,,5,Tuesday,0,112809876.0,968,0,False,6
364,2015-06-02 05:40:43.340,112175,view,430845,,5,Tuesday,0,14280.0,968,1,False,6
365,2015-06-02 05:40:43.340,112175,view,430845,,5,Tuesday,0,14280.0,968,0,False,6
366,2015-06-02 05:40:43.340,112175,view,430845,,5,Tuesday,0,60.0,968,1,False,6
367,2015-06-02 05:40:43.340,112175,view,430845,,5,Tuesday,0,60.0,968,0,False,6
368,2015-06-02 05:37:51.170,860082,view,22926,,5,Tuesday,0,12.0,955,1,False,6
369,2015-06-02 05:37:51.170,860082,view,22926,,5,Tuesday,0,12.0,955,0,False,6
370,2015-06-02 05:37:51.170,860082,view,22926,,5,Tuesday,0,143160.0,955,1,False,6
371,2015-06-02 05:37:51.170,860082,view,22926,,5,Tuesday,0,143160.0,955,0,False,6
372,2015-06-02 05:37:51.170,860082,view,22926,,5,Tuesday,0,133680.0,955,1,False,6
373,2015-06-02 05:37:51.170,860082,view,22926,,5,Tuesday,0,133680.0,955,0,False,6
374,2015-06-02 05:37:51.170,860082,view,22926,,5,Tuesday,0,134520.0,955,1,False,6
375,2015-06-02 05:37:51.170,860082,view,22926,,5,Tuesday,0,134520.0,955,0,False,6
376,2015-06-02 05:37:51.170,860082,view,22926,,5,Tuesday,0,138720.0,955,1,False,6
377,2015-06-02 05:37:51.170,860082,view,22926,,5,Tuesday,0,138720.0,955,0,False,6
378,2015-06-02 05:37:51.170,860082,view,22926,,5,Tuesday,0,138840.0,955,1,False,6
379,2015-06-02 05:37:51.170,860082,view,22926,,5,Tuesday,0,138840.0,955,0,False,6
380,2015-06-02 05:37:51.170,860082,view,22926,,5,Tuesday,0,138360.0,955,1,False,6
381,2015-06-02 05:37:51.170,860082,view,22926,,5,Tuesday,0,138360.0,955,0,False,6
382,2015-06-02 05:37:51.170,860082,view,22926,,5,Tuesday,0,5424.0,955,1,False,6
383,2015-06-02 05:37:51.170,860082,view,22926,,5,Tuesday,0,5424.0,955,0,False,6
384,2015-06-02 05:32:39.620,784669,view,181743,,5,Tuesday,0,19800.0,854,0,False,6
385,2015-06-02 05:32:39.620,784669,view,181743,,5,Tuesday,0,96.0,854,0,False,6
386,2015-06-02 05:20:38.241,1061147,view,280893,,5,Tuesday,0,0.0,1531,0,False,6
387,2015-06-02 05:20:38.241,1061147,view,280893,,5,Tuesday,0,88128.0,1531,0,False,6
388,2015-06-02 05:20:38.241,1061147,view,280893,,5,Tuesday,0,120.0,1531,0,False,6
389,2015-06-02 05:47:36.696,485456,view,216707,,5,Tuesday,0,8520.0,1424,0,False,6
390,2015-06-02 05:07:02.167,1342963,view,306886,,5,Tuesday,0,384.0,250,0,False,6
391,2015-06-02 05:07:02.167,1342963,view,306886,,5,Tuesday,0,384.0,250,1,False,6
392,2015-06-02 05:07:02.167,1342963,view,306886,,5,Tuesday,0,384.0,679,0,False,6
393,2015-06-02 05:07:02.167,1342963,view,306886,,5,Tuesday,0,384.0,679,1,False,6
394,2015-06-02 05:07:02.167,1342963,view,306886,,5,Tuesday,0,419880.0,250,0,False,6
395,2015-06-02 05:07:02.167,1342963,view,306886,,5,Tuesday,0,419880.0,250,1,False,6
396,2015-06-02 05:07:02.167,1342963,view,306886,,5,Tuesday,0,419880.0,679,0,False,6
397,2015-06-02 05:07:02.167,1342963,view,306886,,5,Tuesday,0,419880.0,679,1,False,6
398,2015-06-02 05:07:02.167,1342963,view,306886,,5,Tuesday,0,24.0,250,0,False,6
399,2015-06-02 05:07:02.167,1342963,view,306886,,5,Tuesday,0,24.0,250,1,False,6
400,2015-06-02 05:07:02.167,1342963,view,306886,,5,Tuesday,0,24.0,679,0,False,6
401,2015-06-02 05:07:02.167,1342963,view,306886,,5,Tuesday,0,24.0,679,1,False,6
402,2015-06-02 05:07:02.167,1342963,view,306886,,5,Tuesday,0,361440.0,250,0,False,6
403,2015-06-02 05:07:02.167,1342963,view,306886,,5,Tuesday,0,361440.0,250,1,False,6
404,2015-06-02 05:07:02.167,1342963,view,306886,,5,Tuesday,0,361440.0,679,0,False,6
405,2015-06-02 05:07:02.167,1342963,view,306886,,5,Tuesday,0,361440.0,679,1,False,6
406,2015-06-02 05:07:02.167,1342963,view,306886,,5,Tuesday,0,373200.0,250,0,False,6
407,2015-06-02 05:07:02.167,1342963,view,306886,,5,Tuesday,0,373200.0,250,1,False,6
408,2015-06-02 05:07:02.167,1342963,view,306886,,5,Tuesday,0,373200.0,679,0,False,6
409,2015-06-02 05:07:02.167,1342963,view,306886,,5,Tuesday,0,373200.0,679,1,False,6
410,2015-06-02 05:07:02.167,1342963,view,306886,,5,Tuesday,0,30720.0,250,0,False,6
411,2015-06-02 05:07:02.167,1342963,view,306886,,5,Tuesday,0,30720.0,250,1,False,6
412,2015-06-02 05:07:02.167,1342963,view,306886,,5,Tuesday,0,30720.0,679,0,False,6
413,2015-06-02 05:07:02.167,1342963,view,306886,,5,Tuesday,0,30720.0,679,1,False,6
414,2015-06-02 05:07:02.167,1342963,view,306886,,5,Tuesday,0,1788.0,250,0,False,6
415,2015-06-02 05:07:02.167,1342963,view,306886,,5,Tuesday,0,1788.0,250,1,False,6
416,2015-06-02 05:07:02.167,1342963,view,306886,,5,Tuesday,0,1788.0,679,0,False,6
417,2015-06-02 05:07:02.167,1342963,view,306886,,5,Tuesday,0,1788.0,679,1,False,6
418,2015-06-02 05:42:56.925,969887,view,159780,,5,Tuesday,0,50964.0,520,1,False,6
419,2015-06-02 05:42:56.925,969887,view,159780,,5,Tuesday,0,56436.0,520,1,False,6
420,2015-06-02 05:42:56.925,969887,view,159780,,5,Tuesday,0,240.0,520,1,False,6
421,2015-06-02 05:42:56.925,969887,view,159780,,5,Tuesday,0,51960.0,520,1,False,6
422,2015-06-02 05:42:56.925,969887,view,159780,,5,Tuesday,0,47400.0,520,1,False,6
423,2015-06-02 05:32:28.655,759369,view,386527,,5,Tuesday,0,45600.0,-1,1,False,6
424,2015-06-02 05:32:26.605,1282360,view,106564,,5,Tuesday,0,243.72,138,1,False,6
425,2015-06-02 05:32:26.605,1282360,view,106564,,5,Tuesday,0,243.72,138,0,False,6
426,2015-06-02 05:32:26.605,1282360,view,106564,,5,Tuesday,0,456.0,138,1,False,6
427,2015-06-02 05:32:26.605,1282360,view,106564,,5,Tuesday,0,456.0,138,0,False,6
428,2015-06-02 05:32:26.605,1282360,view,106564,,5,Tuesday,0,12480.0,138,1,False,6
429,2015-06-02 05:32:26.605,1282360,view,106564,,5,Tuesday,0,12480.0,138,0,False,6
430,2015-06-02 04:57:31.265,233317,view,75994,,4,Tuesday,0,265440.0,1095,0,False,6
431,2015-06-02 04:57:31.265,233317,view,75994,,4,Tuesday,0,265440.0,1095,1,False,6
432,2015-06-02 04:57:31.265,233317,view,75994,,4,Tuesday,0,266040.0,1095,0,False,6
433,2015-06-02 04:57:31.265,233317,view,75994,,4,Tuesday,0,266040.0,1095,1,False,6
434,2015-06-02 04:57:31.265,233317,view,75994,,4,Tuesday,0,295800.0,1095,0,False,6
435,2015-06-02 04:57:31.265,233317,view,75994,,4,Tuesday,0,295800.0,1095,1,False,6
436,2015-06-02 04:57:31.265,233317,view,75994,,4,Tuesday,0,269640.0,1095,0,False,6
437,2015-06-02 04:57:31.265,233317,view,75994,,4,Tuesday,0,269640.0,1095,1,False,6
438,2015-06-02 04:57:31.265,233317,view,75994,,4,Tuesday,0,276720.0,1095,0,False,6
439,2015-06-02 04:57:31.265,233317,view,75994,,4,Tuesday,0,276720.0,1095,1,False,6
440,2015-06-02 04:57:31.265,233317,view,75994,,4,Tuesday,0,302520.0,1095,0,False,6
441,2015-06-02 04:57:31.265,233317,view,75994,,4,Tuesday,0,302520.0,1095,1,False,6
442,2015-06-02 04:57:31.265,233317,view,75994,,4,Tuesday,0,273480.0,1095,0,False,6
443,2015-06-02 04:57:31.265,233317,view,75994,,4,Tuesday,0,273480.0,1095,1,False,6
444,2015-06-02 04:57:31.265,233317,view,75994,,4,Tuesday,0,271920.0,1095,0,False,6
445,2015-06-02 04:57:31.265,233317,view,75994,,4,Tuesday,0,271920.0,1095,1,False,6
446,2015-06-02 04:57:31.265,233317,view,75994,,4,Tuesday,0,282240.0,1095,0,False,6
447,2015-06-02 04:57:31.265,233317,view,75994,,4,Tuesday,0,282240.0,1095,1,False,6
448,2015-06-02 04:57:31.265,233317,view,75994,,4,Tuesday,0,311880.0,1095,0,False,6
449,2015-06-02 04:57:31.265,233317,view,75994,,4,Tuesday,0,311880.0,1095,1,False,6
450,2015-06-02 04:57:31.265,233317,view,75994,,4,Tuesday,0,270480.0,1095,0,False,6
451,2015-06-02 04:57:31.265,233317,view,75994,,4,Tuesday,0,270480.0,1095,1,False,6
452,2015-06-02 04:57:31.265,233317,view,75994,,4,Tuesday,0,279240.0,1095,0,False,6
453,2015-06-02 04:57:31.265,233317,view,75994,,4,Tuesday,0,279240.0,1095,1,False,6
454,2015-06-02 04:57:31.265,233317,view,75994,,4,Tuesday,0,480.0,1095,0,False,6
455,2015-06-02 04:57:31.265,233317,view,75994,,4,Tuesday,0,480.0,1095,1,False,6
456,2015-06-02 04:57:31.265,233317,view,75994,,4,Tuesday,0,72.0,1095,0,False,6
457,2015-06-02 04:57:31.265,233317,view,75994,,4,Tuesday,0,72.0,1095,1,False,6
458,2015-06-02 05:43:05.793,392042,view,280375,,5,Tuesday,0,726.0,805,1,False,6
459,2015-06-02 05:43:05.793,392042,view,280375,,5,Tuesday,0,726.0,805,0,False,6
460,2015-06-02 05:43:05.793,392042,view,280375,,5,Tuesday,0,600.0,805,1,False,6
461,2015-06-02 05:43:05.793,392042,view,280375,,5,Tuesday,0,600.0,805,0,False,6
462,2015-06-02 05:43:05.793,392042,view,280375,,5,Tuesday,0,1020.0,805,1,False,6
463,2015-06-02 05:43:05.793,392042,view,280375,,5,Tuesday,0,1020.0,805,0,False,6
464,2015-06-02 05:43:05.793,392042,view,280375,,5,Tuesday,0,552.0,805,1,False,6
465,2015-06-02 05:43:05.793,392042,view,280375,,5,Tuesday,0,552.0,805,0,False,6
466,2015-06-02 05:43:05.793,392042,view,280375,,5,Tuesday,0,75960.0,805,1,False,6
467,2015-06-02 05:43:05.793,392042,view,280375,,5,Tuesday,0,75960.0,805,0,False,6
468,2015-06-02 05:43:05.793,392042,view,280375,,5,Tuesday,0,72000.0,805,1,False,6
469,2015-06-02 05:43:05.793,392042,view,280375,,5,Tuesday,0,72000.0,805,0,False,6
470,2015-06-02 05:43:05.793,392042,view,280375,,5,Tuesday,0,75720.0,805,1,False,6
471,2015-06-02 05:43:05.793,392042,view,280375,,5,Tuesday,0,75720.0,805,0,False,6
472,2015-06-02 05:43:05.793,392042,view,280375,,5,Tuesday,0,76320.0,805,1,False,6
473,2015-06-02 05:43:05.793,392042,view,280375,,5,Tuesday,0,76320.0,805,0,False,6
474,2015-06-02 05:43:05.793,392042,view,280375,,5,Tuesday,0,86280.0,805,1,False,6
475,2015-06-02 05:43:05.793,392042,view,280375,,5,Tuesday,0,86280.0,805,0,False,6
476,2015-06-02 05:43:05.793,392042,view,280375,,5,Tuesday,0,81240.0,805,1,False,6
477,2015-06-02 05:43:05.793,392042,view,280375,,5,Tuesday,0,81240.0,805,0,False,6
478,2015-06-02 05:43:05.793,392042,view,280375,,5,Tuesday,0,87600.0,805,1,False,6
479,2015-06-02 05:43:05.793,392042,view,280375,,5,Tuesday,0,87600.0,805,0,False,6
480,2015-06-02 05:43:05.793,392042,view,280375,,5,Tuesday,0,85680.0,805,1,False,6
481,2015-06-02 05:43:05.793,392042,view,280375,,5,Tuesday,0,85680.0,805,0,False,6
482,2015-06-02 04:59:32.079,591038,view,367500,,4,Tuesday,0,45600.0,-1,1,False,6
483,2015-06-02 05:32:18.106,692195,view,112792,,5,Tuesday,0,45000.0,1041,0,False,6
484,2015-06-02 05:32:18.106,692195,view,112792,,5,Tuesday,0,45000.0,1041,1,False,6
485,2015-06-02 05:32:18.106,692195,view,112792,,5,Tuesday,0,42840.0,1041,0,False,6
486,2015-06-02 05:32:18.106,692195,view,112792,,5,Tuesday,0,42840.0,1041,1,False,6
487,2015-06-02 05:32:18.106,692195,view,112792,,5,Tuesday,0,41640.0,1041,0,False,6
488,2015-06-02 05:32:18.106,692195,view,112792,,5,Tuesday,0,41640.0,1041,1,False,6
489,2015-06-02 05:32:18.106,692195,view,112792,,5,Tuesday,0,40320.0,1041,0,False,6
490,2015-06-02 05:32:18.106,692195,view,112792,,5,Tuesday,0,40320.0,1041,1,False,6
491,2015-06-02 05:32:18.106,692195,view,112792,,5,Tuesday,0,48.0,1041,0,False,6
492,2015-06-02 05:32:18.106,692195,view,112792,,5,Tuesday,0,48.0,1041,1,False,6
493,2015-06-02 05:32:18.106,692195,view,112792,,5,Tuesday,0,42240.0,1041,0,False,6
494,2015-06-02 05:32:18.106,692195,view,112792,,5,Tuesday,0,42240.0,1041,1,False,6
495,2015-06-02 05:32:18.106,692195,view,112792,,5,Tuesday,0,44040.0,1041,0,False,6
496,2015-06-02 05:32:18.106,692195,view,112792,,5,Tuesday,0,44040.0,1041,1,False,6
497,2015-06-02 05:32:18.106,692195,view,112792,,5,Tuesday,0,42600.0,1041,0,False,6
498,2015-06-02 05:32:18.106,692195,view,112792,,5,Tuesday,0,42600.0,1041,1,False,6
499,2015-06-02 05:39:34.540,432882,view,102061,,5,Tuesday,0,147120.0,409,0,False,6
500,2015-06-02 05:39:34.540,432882,view,102061,,5,Tuesday,0,1200.0,409,0,False,6
501,2015-06-02 05:43:10.254,392042,view,16813,,5,Tuesday,0,600.0,805,1,False,6
502,2015-06-02 05:43:10.254,392042,view,16813,,5,Tuesday,0,600.0,805,0,False,6
503,2015-06-02 05:43:10.254,392042,view,16813,,5,Tuesday,0,552.0,805,1,False,6
504,2015-06-02 05:43:10.254,392042,view,16813,,5,Tuesday,0,552.0,805,0,False,6
505,2015-06-02 05:43:10.254,392042,view,16813,,5,Tuesday,0,77760.0,805,1,False,6
506,2015-06-02 05:43:10.254,392042,view,16813,,5,Tuesday,0,77760.0,805,0,False,6
507,2015-06-02 05:43:10.254,392042,view,16813,,5,Tuesday,0,79800.0,805,1,False,6
508,2015-06-02 05:43:10.254,392042,view,16813,,5,Tuesday,0,79800.0,805,0,False,6
509,2015-06-02 05:43:10.254,392042,view,16813,,5,Tuesday,0,82440.0,805,1,False,6
510,2015-06-02 05:43:10.254,392042,view,16813,,5,Tuesday,0,82440.0,805,0,False,6
511,2015-06-02 05:43:10.254,392042,view,16813,,5,Tuesday,0,720.0,805,1,False,6
512,2015-06-02 05:43:10.254,392042,view,16813,,5,Tuesday,0,720.0,805,0,False,6
513,2015-06-02 05:43:10.254,392042,view,16813,,5,Tuesday,0,89760.0,805,1,False,6
514,2015-06-02 05:43:10.254,392042,view,16813,,5,Tuesday,0,89760.0,805,0,False,6
515,2015-06-02 05:43:10.254,392042,view,16813,,5,Tuesday,0,84960.0,805,1,False,6
516,2015-06-02 05:43:10.254,392042,view,16813,,5,Tuesday,0,84960.0,805,0,False,6
517,2015-06-02 05:43:10.254,392042,view,16813,,5,Tuesday,0,90360.0,805,1,False,6
518,2015-06-02 05:43:10.254,392042,view,16813,,5,Tuesday,0,90360.0,805,0,False,6
519,2015-06-02 05:43:10.254,392042,view,16813,,5,Tuesday,0,1020.0,805,1,False,6
520,2015-06-02 05:43:10.254,392042,view,16813,,5,Tuesday,0,1020.0,805,0,False,6
521,2015-06-02 05:32:11.380,808133,view,128499,,5,Tuesday,0,30840.0,323,0,False,6
522,2015-06-02 04:59:29.402,180680,view,456784,,4,Tuesday,0,672.0,1426,0,False,6
523,2015-06-02 04:59:29.402,180680,view,456784,,4,Tuesday,0,11520.0,1426,0,False,6
524,2015-06-02 05:47:30.320,1151716,view,427725,,5,Tuesday,0,35400.0,1515,1,False,6
525,2015-06-02 05:47:30.320,1151716,view,427725,,5,Tuesday,0,44280.0,1515,1,False,6
526,2015-06-02 05:47:30.320,1151716,view,427725,,5,Tuesday,0,35880.0,1515,1,False,6
527,2015-06-02 05:47:30.320,1151716,view,427725,,5,Tuesday,0,36600.0,1515,1,False,6
528,2015-06-02 05:47:30.320,1151716,view,427725,,5,Tuesday,0,37800.0,1515,1,False,6
529,2015-06-02 05:47:30.320,1151716,view,427725,,5,Tuesday,0,39960.0,1515,1,False,6
530,2015-06-02 05:47:30.320,1151716,view,427725,,5,Tuesday,0,38280.0,1515,1,False,6
531,2015-06-02 05:47:30.320,1151716,view,427725,,5,Tuesday,0,44040.0,1515,1,False,6
532,2015-06-02 05:47:30.320,1151716,view,427725,,5,Tuesday,0,37320.0,1515,1,False,6
533,2015-06-02 05:47:30.320,1151716,view,427725,,5,Tuesday,0,60.0,1515,1,False,6
534,2015-06-02 05:47:30.320,1151716,view,427725,,5,Tuesday,0,47760.0,1515,1,False,6
535,2015-06-02 05:47:30.320,1151716,view,427725,,5,Tuesday,0,42480.0,1515,1,False,6
536,2015-06-02 05:47:30.320,1151716,view,427725,,5,Tuesday,0,45360.0,1515,1,False,6
537,2015-06-02 05:47:30.320,1151716,view,427725,,5,Tuesday,0,4200.0,1515,1,False,6
538,2015-06-02 05:15:34.037,597724,view,134264,,5,Tuesday,0,240000.0,312,1,False,6
539,2015-06-02 05:15:34.037,597724,view,134264,,5,Tuesday,0,0.0,312,1,False,6
540,2015-06-02 05:15:34.037,597724,view,134264,,5,Tuesday,0,110040.0,312,1,False,6
541,2015-06-02 05:15:34.037,597724,view,134264,,5,Tuesday,0,107640.0,312,1,False,6
542,2015-06-02 05:15:34.037,597724,view,134264,,5,Tuesday,0,110160.0,312,1,False,6
543,2015-06-02 05:15:34.037,597724,view,134264,,5,Tuesday,0,111960.0,312,1,False,6
544,2015-06-02 05:15:34.037,597724,view,134264,,5,Tuesday,0,110880.0,312,1,False,6
545,2015-06-02 05:15:34.037,597724,view,134264,,5,Tuesday,0,119160.0,312,1,False,6
546,2015-06-02 05:15:34.037,597724,view,134264,,5,Tuesday,0,114360.0,312,1,False,6
547,2015-06-02 05:15:34.037,597724,view,134264,,5,Tuesday,0,119880.0,312,1,False,6
548,2015-06-02 05:15:34.037,597724,view,134264,,5,Tuesday,0,138240.0,312,1,False,6
549,2015-06-02 05:15:34.037,597724,view,134264,,5,Tuesday,0,118680.0,312,1,False,6
550,2015-06-02 05:15:34.037,597724,view,134264,,5,Tuesday,0,129000.0,312,1,False,6
551,2015-06-02 05:15:34.037,597724,view,134264,,5,Tuesday,0,137640.0,312,1,False,6
552,2015-06-02 05:15:34.037,597724,view,134264,,5,Tuesday,0,122400.0,312,1,False,6
553,2015-06-02 05:15:34.037,597724,view,134264,,5,Tuesday,0,121680.0,312,1,False,6
554,2015-06-02 05:15:34.037,597724,view,134264,,5,Tuesday,0,119640.0,312,1,False,6
555,2015-06-02 05:15:34.037,597724,view,134264,,5,Tuesday,0,119040.0,312,1,False,6
556,2015-06-02 04:55:44.616,179437,view,335975,,4,Tuesday,0,265.2,500,0,False,6
557,2015-06-02 04:55:44.616,179437,view,335975,,4,Tuesday,0,26.4,500,0,False,6
558,2015-06-02 04:55:44.616,179437,view,335975,,4,Tuesday,0,151.2,500,0,False,6
559,2015-06-02 04:55:44.616,179437,view,335975,,4,Tuesday,0,24.0,500,0,False,6
560,2015-06-02 04:55:44.616,179437,view,335975,,4,Tuesday,0,239880.0,500,0,False,6
561,2015-06-02 04:55:44.616,179437,view,335975,,4,Tuesday,0,11.04,500,0,False,6
562,2015-06-02 04:55:44.616,179437,view,335975,,4,Tuesday,0,96.0,500,0,False,6
563,2015-06-02 04:55:44.616,179437,view,335975,,4,Tuesday,0,384.0,500,0,False,6
564,2015-06-02 04:55:44.616,179437,view,335975,,4,Tuesday,0,4.68,500,0,False,6
565,2015-06-02 04:58:07.074,794013,view,51354,,4,Tuesday,0,18.0,745,0,False,6
566,2015-06-02 04:58:07.074,794013,view,51354,,4,Tuesday,0,18.0,745,1,False,6
567,2015-06-02 04:58:07.074,794013,view,51354,,4,Tuesday,0,41280.0,745,0,False,6
568,2015-06-02 04:58:07.074,794013,view,51354,,4,Tuesday,0,41280.0,745,1,False,6
569,2015-06-02 04:58:07.074,794013,view,51354,,4,Tuesday,0,54840.0,745,0,False,6
570,2015-06-02 04:58:07.074,794013,view,51354,,4,Tuesday,0,54840.0,745,1,False,6
571,2015-06-02 04:58:07.074,794013,view,51354,,4,Tuesday,0,60720.0,745,0,False,6
572,2015-06-02 04:58:07.074,794013,view,51354,,4,Tuesday,0,60720.0,745,1,False,6
573,2015-06-02 04:58:07.074,794013,view,51354,,4,Tuesday,0,62400.0,745,0,False,6
574,2015-06-02 04:58:07.074,794013,view,51354,,4,Tuesday,0,62400.0,745,1,False,6
575,2015-06-02 04:58:07.074,794013,view,51354,,4,Tuesday,0,28800.0,745,0,False,6
576,2015-06-02 04:58:07.074,794013,view,51354,,4,Tuesday,0,28800.0,745,1,False,6
577,2015-06-02 05:19:25.385,975530,view,55555,,5,Tuesday,0,12240.0,1684,0,False,6
578,2015-06-02 05:19:25.385,975530,view,55555,,5,Tuesday,0,12240.0,1684,1,False,6
579,2015-06-02 05:19:25.385,975530,view,55555,,5,Tuesday,0,11040.0,1684,0,False,6
580,2015-06-02 05:19:25.385,975530,view,55555,,5,Tuesday,0,11040.0,1684,1,False,6
581,2015-06-02 05:31:42.457,741702,view,350819,,5,Tuesday,0,30588.0,879,1,False,6
582,2015-06-02 05:31:42.457,741702,view,350819,,5,Tuesday,0,35988.0,879,1,False,6
583,2015-06-02 05:31:42.457,741702,view,350819,,5,Tuesday,0,600.0,879,1,False,6
584,2015-06-02 05:31:42.457,741702,view,350819,,5,Tuesday,0,938736.0,879,1,False,6
585,2015-06-02 05:03:31.595,1219180,view,422768,,5,Tuesday,0,140520.0,1546,1,False,6
586,2015-06-02 05:03:31.595,1219180,view,422768,,5,Tuesday,0,140520.0,1546,0,False,6
587,2015-06-02 05:03:31.595,1219180,view,422768,,5,Tuesday,0,196080.0,1546,1,False,6
588,2015-06-02 05:03:31.595,1219180,view,422768,,5,Tuesday,0,196080.0,1546,0,False,6
589,2015-06-02 05:03:31.595,1219180,view,422768,,5,Tuesday,0,125520.0,1546,1,False,6
590,2015-06-02 05:03:31.595,1219180,view,422768,,5,Tuesday,0,125520.0,1546,0,False,6
591,2015-06-02 05:03:31.595,1219180,view,422768,,5,Tuesday,0,193440.0,1546,1,False,6
592,2015-06-02 05:03:31.595,1219180,view,422768,,5,Tuesday,0,193440.0,1546,0,False,6
593,2015-06-02 05:03:31.595,1219180,view,422768,,5,Tuesday,0,195960.0,1546,1,False,6
594,2015-06-02 05:03:31.595,1219180,view,422768,,5,Tuesday,0,195960.0,1546,0,False,6
595,2015-06-02 05:22:41.588,1143908,view,417464,,5,Tuesday,0,876000.0,378,0,False,6
596,2015-06-02 05:22:41.588,1143908,view,417464,,5,Tuesday,0,876000.0,378,1,False,6
597,2015-06-02 05:22:41.588,1143908,view,417464,,5,Tuesday,0,847200.0,378,0,False,6
598,2015-06-02 05:22:41.588,1143908,view,417464,,5,Tuesday,0,847200.0,378,1,False,6
599,2015-06-02 05:22:41.588,1143908,view,417464,,5,Tuesday,0,714000.0,378,0,False,6
600,2015-06-02 05:22:41.588,1143908,view,417464,,5,Tuesday,0,714000.0,378,1,False,6
601,2015-06-02 05:22:41.588,1143908,view,417464,,5,Tuesday,0,296.4,378,0,False,6
602,2015-06-02 05:22:41.588,1143908,view,417464,,5,Tuesday,0,296.4,378,1,False,6
603,2015-06-02 05:22:41.588,1143908,view,417464,,5,Tuesday,0,291.6,378,0,False,6
604,2015-06-02 05:22:41.588,1143908,view,417464,,5,Tuesday,0,291.6,378,1,False,6
605,2015-06-02 05:22:41.588,1143908,view,417464,,5,Tuesday,0,288.0,378,0,False,6
606,2015-06-02 05:22:41.588,1143908,view,417464,,5,Tuesday,0,288.0,378,1,False,6
607,2015-06-02 05:22:41.588,1143908,view,417464,,5,Tuesday,0,825600.0,378,0,False,6
608,2015-06-02 05:22:41.588,1143908,view,417464,,5,Tuesday,0,825600.0,378,1,False,6
609,2015-06-02 05:36:00.663,1078178,view,323147,,5,Tuesday,0,48.0,1095,0,False,6
610,2015-06-02 05:36:00.663,1078178,view,323147,,5,Tuesday,0,12000.0,1095,0,False,6
611,2015-06-02 05:36:00.663,1078178,view,323147,,5,Tuesday,0,480.0,1095,0,False,6
612,2015-06-02 05:36:00.663,1078178,view,323147,,5,Tuesday,0,60.0,1095,0,False,6
613,2015-06-02 05:36:00.663,1078178,view,323147,,5,Tuesday,0,95040.0,1095,0,False,6
614,2015-06-02 05:51:43.386,503970,view,448136,,5,Tuesday,0,11988.0,1202,0,False,6
615,2015-06-02 05:51:43.386,503970,view,448136,,5,Tuesday,0,968376.0,1202,0,False,6
616,2015-06-02 05:51:43.386,503970,view,448136,,5,Tuesday,0,14.4,1202,0,False,6
617,2015-06-02 05:39:03.021,1193904,addtocart,255275,,5,Tuesday,0,5760.0,879,0,False,6
618,2015-06-02 05:39:03.021,1193904,addtocart,255275,,5,Tuesday,0,5760.0,879,1,False,6
619,2015-06-02 05:39:03.021,1193904,addtocart,255275,,5,Tuesday,0,474000.0,879,0,False,6
620,2015-06-02 05:39:03.021,1193904,addtocart,255275,,5,Tuesday,0,474000.0,879,1,False,6
621,2015-06-02 05:39:03.021,1193904,addtocart,255275,,5,Tuesday,0,6960.0,879,0,False,6
622,2015-06-02 05:39:03.021,1193904,addtocart,255275,,5,Tuesday,0,6960.0,879,1,False,6
623,2015-06-02 05:39:03.021,1193904,addtocart,255275,,5,Tuesday,0,4668.0,879,0,False,6
624,2015-06-02 05:39:03.021,1193904,addtocart,255275,,5,Tuesday,0,4668.0,879,1,False,6
625,2015-06-02 05:39:03.021,1193904,addtocart,255275,,5,Tuesday,0,7320.0,879,0,False,6
626,2015-06-02 05:39:03.021,1193904,addtocart,255275,,5,Tuesday,0,7320.0,879,1,False,6
627,2015-06-02 05:47:21.294,376913,view,140848,,5,Tuesday,0,427680.0,1606,0,False,6
628,2015-06-02 05:47:21.294,376913,view,140848,,5,Tuesday,0,427680.0,1606,1,False,6
629,2015-06-02 05:47:21.294,376913,view,140848,,5,Tuesday,0,273960.0,1606,0,False,6
630,2015-06-02 05:47:21.294,376913,view,140848,,5,Tuesday,0,273960.0,1606,1,False,6
631,2015-06-02 05:47:21.294,376913,view,140848,,5,Tuesday,0,280920.0,1606,0,False,6
632,2015-06-02 05:47:21.294,376913,view,140848,,5,Tuesday,0,280920.0,1606,1,False,6
633,2015-06-02 05:47:21.294,376913,view,140848,,5,Tuesday,0,299280.0,1606,0,False,6
634,2015-06-02 05:47:21.294,376913,view,140848,,5,Tuesday,0,299280.0,1606,1,False,6
635,2015-06-02 05:47:21.294,376913,view,140848,,5,Tuesday,0,292080.0,1606,0,False,6
636,2015-06-02 05:47:21.294,376913,view,140848,,5,Tuesday,0,292080.0,1606,1,False,6
637,2015-06-02 05:47:21.294,376913,view,140848,,5,Tuesday,0,367680.0,1606,0,False,6
638,2015-06-02 05:47:21.294,376913,view,140848,,5,Tuesday,0,367680.0,1606,1,False,6
639,2015-06-02 05:47:21.294,376913,view,140848,,5,Tuesday,0,12.0,1606,0,False,6
640,2015-06-02 05:47:21.294,376913,view,140848,,5,Tuesday,0,12.0,1606,1,False,6
641,2015-06-02 05:47:21.294,376913,view,140848,,5,Tuesday,0,216.0,1606,0,False,6
642,2015-06-02 05:47:21.294,376913,view,140848,,5,Tuesday,0,216.0,1606,1,False,6
643,2015-06-02 05:31:16.406,1262470,view,102986,,5,Tuesday,0,1236.0,1027,0,False,6
644,2015-06-02 05:31:16.406,1262470,view,102986,,5,Tuesday,0,1236.0,113,0,False,6
645,2015-06-02 05:31:16.406,1262470,view,102986,,5,Tuesday,0,36.0,1027,0,False,6
646,2015-06-02 05:31:16.406,1262470,view,102986,,5,Tuesday,0,36.0,113,0,False,6
647,2015-06-02 05:31:16.406,1262470,view,102986,,5,Tuesday,0,34200.0,1027,0,False,6
648,2015-06-02 05:31:16.406,1262470,view,102986,,5,Tuesday,0,34200.0,113,0,False,6
649,2015-06-02 05:03:42.147,1153198,view,357579,,5,Tuesday,0,24.0,955,1,False,6
650,2015-06-02 05:03:42.147,1153198,view,357579,,5,Tuesday,0,24.0,955,0,False,6
651,2015-06-02 05:03:42.147,1153198,view,357579,,5,Tuesday,0,800400.0,955,1,False,6
652,2015-06-02 05:03:42.147,1153198,view,357579,,5,Tuesday,0,800400.0,955,0,False,6
653,2015-06-02 05:03:42.147,1153198,view,357579,,5,Tuesday,0,746400.0,955,1,False,6
654,2015-06-02 05:03:42.147,1153198,view,357579,,5,Tuesday,0,746400.0,955,0,False,6
655,2015-06-02 05:03:42.147,1153198,view,357579,,5,Tuesday,0,840420.0,955,1,False,6
656,2015-06-02 05:03:42.147,1153198,view,357579,,5,Tuesday,0,840420.0,955,0,False,6
657,2015-06-02 05:03:42.147,1153198,view,357579,,5,Tuesday,0,777120.0,955,1,False,6
658,2015-06-02 05:03:42.147,1153198,view,357579,,5,Tuesday,0,777120.0,955,0,False,6
659,2015-06-02 05:03:42.147,1153198,view,357579,,5,Tuesday,0,840360.0,955,1,False,6
660,2015-06-02 05:03:42.147,1153198,view,357579,,5,Tuesday,0,840360.0,955,0,False,6
661,2015-06-02 05:03:42.147,1153198,view,357579,,5,Tuesday,0,1139880.0,955,1,False,6
662,2015-06-02 05:03:42.147,1153198,view,357579,,5,Tuesday,0,1139880.0,955,0,False,6
663,2015-06-02 05:03:42.147,1153198,view,357579,,5,Tuesday,0,788280.0,955,1,False,6
664,2015-06-02 05:03:42.147,1153198,view,357579,,5,Tuesday,0,788280.0,955,0,False,6
665,2015-06-02 05:19:26.959,238317,view,348196,,5,Tuesday,0,28788.0,323,1,False,6
666,2015-06-02 05:19:26.959,238317,view,348196,,5,Tuesday,0,28788.0,323,0,False,6
667,2015-06-02 05:19:26.959,238317,view,348196,,5,Tuesday,0,17880.0,323,1,False,6
668,2015-06-02 05:19:26.959,238317,view,348196,,5,Tuesday,0,17880.0,323,0,False,6
669,2015-06-02 05:19:26.959,238317,view,348196,,5,Tuesday,0,22800.0,323,1,False,6
670,2015-06-02 05:19:26.959,238317,view,348196,,5,Tuesday,0,22800.0,323,0,False,6
671,2015-06-02 05:19:26.959,238317,view,348196,,5,Tuesday,0,25920.0,323,1,False,6
672,2015-06-02 05:19:26.959,238317,view,348196,,5,Tuesday,0,25920.0,323,0,False,6
673,2015-06-02 05:19:26.959,238317,view,348196,,5,Tuesday,0,26280.0,323,1,False,6
674,2015-06-02 05:19:26.959,238317,view,348196,,5,Tuesday,0,26280.0,323,0,False,6
675,2015-06-02 05:19:26.959,238317,view,348196,,5,Tuesday,0,22680.0,323,1,False,6
676,2015-06-02 05:19:26.959,238317,view,348196,,5,Tuesday,0,22680.0,323,0,False,6
677,2015-06-02 05:19:26.959,238317,view,348196,,5,Tuesday,0,27600.0,323,1,False,6
678,2015-06-02 05:19:26.959,238317,view,348196,,5,Tuesday,0,27600.0,323,0,False,6
679,2015-06-02 05:19:26.959,238317,view,348196,,5,Tuesday,0,18600.0,323,1,False,6
680,2015-06-02 05:19:26.959,238317,view,348196,,5,Tuesday,0,18600.0,323,0,False,6
681,2015-06-02 05:19:26.959,238317,view,348196,,5,Tuesday,0,23640.0,323,1,False,6
682,2015-06-02 05:19:26.959,238317,view,348196,,5,Tuesday,0,23640.0,323,0,False,6
683,2015-06-02 05:19:26.959,238317,view,348196,,5,Tuesday,0,30084.0,323,1,False,6
684,2015-06-02 05:19:26.959,238317,view,348196,,5,Tuesday,0,30084.0,323,0,False,6
685,2015-06-02 05:31:07.576,800456,view,31514,,5,Tuesday,0,266520.0,1458,1,False,6
686,2015-06-02 05:31:07.576,800456,view,31514,,5,Tuesday,0,266520.0,1458,0,False,6
687,2015-06-02 05:31:07.576,800456,view,31514,,5,Tuesday,0,303000.0,1458,1,False,6
688,2015-06-02 05:31:07.576,800456,view,31514,,5,Tuesday,0,303000.0,1458,0,False,6
689,2015-06-02 05:31:07.576,800456,view,31514,,5,Tuesday,0,244920.0,1458,1,False,6
690,2015-06-02 05:31:07.576,800456,view,31514,,5,Tuesday,0,244920.0,1458,0,False,6
691,2015-06-02 05:31:07.576,800456,view,31514,,5,Tuesday,0,262080.0,1458,1,False,6
692,2015-06-02 05:31:07.576,800456,view,31514,,5,Tuesday,0,262080.0,1458,0,False,6
693,2015-06-02 05:31:07.576,800456,view,31514,,5,Tuesday,0,9600.0,1458,1,False,6
694,2015-06-02 05:31:07.576,800456,view,31514,,5,Tuesday,0,9600.0,1458,0,False,6
695,2015-06-02 05:31:07.576,800456,view,31514,,5,Tuesday,0,273000.0,1458,1,False,6
696,2015-06-02 05:31:07.576,800456,view,31514,,5,Tuesday,0,273000.0,1458,0,False,6
697,2015-06-02 05:31:07.576,800456,view,31514,,5,Tuesday,0,302280.0,1458,1,False,6
698,2015-06-02 05:31:07.576,800456,view,31514,,5,Tuesday,0,302280.0,1458,0,False,6
699,2015-06-02 05:31:07.576,800456,view,31514,,5,Tuesday,0,720.0,1458,1,False,6
700,2015-06-02 05:31:07.576,800456,view,31514,,5,Tuesday,0,720.0,1458,0,False,6
701,2015-06-02 05:13:51.235,1219627,view,292444,,5,Tuesday,0,12.0,1606,1,False,6
702,2015-06-02 05:13:51.235,1219627,view,292444,,5,Tuesday,0,42960.0,1606,1,False,6
703,2015-06-02 05:13:51.235,1219627,view,292444,,5,Tuesday,0,44760.0,1606,1,False,6
704,2015-06-02 05:13:51.235,1219627,view,292444,,5,Tuesday,0,45360.0,1606,1,False,6
705,2015-06-02 05:13:51.235,1219627,view,292444,,5,Tuesday,0,41760.0,1606,1,False,6
706,2015-06-02 05:13:51.235,1219627,view,292444,,5,Tuesday,0,45000.0,1606,1,False,6
707,2015-06-02 05:13:51.235,1219627,view,292444,,5,Tuesday,0,46920.0,1606,1,False,6
708,2015-06-02 05:13:51.235,1219627,view,292444,,5,Tuesday,0,60.0,1606,1,False,6
709,2015-06-02 04:59:12.282,526166,view,332761,,4,Tuesday,0,231960.0,561,0,False,6
710,2015-06-02 04:59:12.282,526166,view,332761,,4,Tuesday,0,231960.0,561,1,False,6
711,2015-06-02 04:59:12.282,526166,view,332761,,4,Tuesday,0,250680.0,561,0,False,6
712,2015-06-02 04:59:12.282,526166,view,332761,,4,Tuesday,0,250680.0,561,1,False,6
713,2015-06-02 04:59:12.282,526166,view,332761,,4,Tuesday,0,23040.0,561,0,False,6
714,2015-06-02 04:59:12.282,526166,view,332761,,4,Tuesday,0,23040.0,561,1,False,6
715,2015-06-02 04:59:12.282,526166,view,332761,,4,Tuesday,0,480.0,561,0,False,6
716,2015-06-02 04:59:12.282,526166,view,332761,,4,Tuesday,0,480.0,561,1,False,6
717,2015-06-02 04:59:12.282,526166,view,332761,,4,Tuesday,0,161124.0,561,0,False,6
718,2015-06-02 04:59:12.282,526166,view,332761,,4,Tuesday,0,161124.0,561,1,False,6
719,2015-06-02 04:59:12.282,526166,view,332761,,4,Tuesday,0,302400.0,561,0,False,6
720,2015-06-02 04:59:12.282,526166,view,332761,,4,Tuesday,0,302400.0,561,1,False,6
721,2015-06-02 04:59:12.282,526166,view,332761,,4,Tuesday,0,227640.0,561,0,False,6
722,2015-06-02 04:59:12.282,526166,view,332761,,4,Tuesday,0,227640.0,561,1,False,6
723,2015-06-02 04:59:12.282,526166,view,332761,,4,Tuesday,0,239520.0,561,0,False,6
724,2015-06-02 04:59:12.282,526166,view,332761,,4,Tuesday,0,239520.0,561,1,False,6
725,2015-06-02 04:59:12.282,526166,view,332761,,4,Tuesday,0,248160.0,561,0,False,6
726,2015-06-02 04:59:12.282,526166,view,332761,,4,Tuesday,0,248160.0,561,1,False,6
727,2015-06-02 04:59:12.282,526166,view,332761,,4,Tuesday,0,233160.0,561,0,False,6
728,2015-06-02 04:59:12.282,526166,view,332761,,4,Tuesday,0,233160.0,561,1,False,6
729,2015-06-02 04:58:12.368,685949,view,395002,,4,Tuesday,0,480.0,1331,0,False,6
730,2015-06-02 04:58:12.368,685949,view,395002,,4,Tuesday,0,480.0,1331,1,False,6
731,2015-06-02 04:58:12.368,685949,view,395002,,4,Tuesday,0,33720.0,1331,0,False,6
732,2015-06-02 04:58:12.368,685949,view,395002,,4,Tuesday,0,33720.0,1331,1,False,6
733,2015-06-02 04:58:12.368,685949,view,395002,,4,Tuesday,0,32160.0,1331,0,False,6
734,2015-06-02 04:58:12.368,685949,view,395002,,4,Tuesday,0,32160.0,1331,1,False,6
735,2015-06-02 05:37:27.924,860082,view,415437,,5,Tuesday,0,104160.0,955,0,False,6
736,2015-06-02 05:37:27.924,860082,view,415437,,5,Tuesday,0,104160.0,955,1,False,6
737,2015-06-02 05:37:27.924,860082,view,415437,,5,Tuesday,0,92640.0,955,0,False,6
738,2015-06-02 05:37:27.924,860082,view,415437,,5,Tuesday,0,92640.0,955,1,False,6
739,2015-06-02 05:37:27.924,860082,view,415437,,5,Tuesday,0,12.0,955,0,False,6
740,2015-06-02 05:37:27.924,860082,view,415437,,5,Tuesday,0,12.0,955,1,False,6
741,2015-06-02 05:37:27.924,860082,view,415437,,5,Tuesday,0,110040.0,955,0,False,6
742,2015-06-02 05:37:27.924,860082,view,415437,,5,Tuesday,0,110040.0,955,1,False,6
743,2015-06-02 05:37:27.924,860082,view,415437,,5,Tuesday,0,106680.0,955,0,False,6
744,2015-06-02 05:37:27.924,860082,view,415437,,5,Tuesday,0,106680.0,955,1,False,6
745,2015-06-02 05:37:27.924,860082,view,415437,,5,Tuesday,0,100920.0,955,0,False,6
746,2015-06-02 05:37:27.924,860082,view,415437,,5,Tuesday,0,100920.0,955,1,False,6
747,2015-06-02 05:37:27.924,860082,view,415437,,5,Tuesday,0,102540.0,955,0,False,6
748,2015-06-02 05:37:27.924,860082,view,415437,,5,Tuesday,0,102540.0,955,1,False,6
749,2015-06-02 05:37:27.924,860082,view,415437,,5,Tuesday,0,101520.0,955,0,False,6
750,2015-06-02 05:37:27.924,860082,view,415437,,5,Tuesday,0,101520.0,955,1,False,6
751,2015-06-02 04:59:09.711,721839,view,391289,,4,Tuesday,0,75240.0,805,1,False,6
752,2015-06-02 04:59:09.711,721839,view,391289,,4,Tuesday,0,75240.0,805,0,False,6
753,2015-06-02 04:59:09.711,721839,view,391289,,4,Tuesday,0,71520.0,805,1,False,6
754,2015-06-02 04:59:09.711,721839,view,391289,,4,Tuesday,0,71520.0,805,0,False,6
755,2015-06-02 04:59:09.711,721839,view,391289,,4,Tuesday,0,600.0,805,1,False,6
756,2015-06-02 04:59:09.711,721839,view,391289,,4,Tuesday,0,600.0,805,0,False,6
757,2015-06-02 04:59:09.711,721839,view,391289,,4,Tuesday,0,552.0,805,1,False,6
758,2015-06-02 04:59:09.711,721839,view,391289,,4,Tuesday,0,552.0,805,0,False,6
759,2015-06-02 04:59:09.711,721839,view,391289,,4,Tuesday,0,1020.0,805,1,False,6
760,2015-06-02 04:59:09.711,721839,view,391289,,4,Tuesday,0,1020.0,805,0,False,6
761,2015-06-02 04:59:09.711,721839,view,391289,,4,Tuesday,0,76080.0,805,1,False,6
762,2015-06-02 04:59:09.711,721839,view,391289,,4,Tuesday,0,76080.0,805,0,False,6
763,2015-06-02 04:59:09.711,721839,view,391289,,4,Tuesday,0,81360.0,805,1,False,6
764,2015-06-02 04:59:09.711,721839,view,391289,,4,Tuesday,0,81360.0,805,0,False,6
765,2015-06-02 04:59:09.711,721839,view,391289,,4,Tuesday,0,81000.0,805,1,False,6
766,2015-06-02 04:59:09.711,721839,view,391289,,4,Tuesday,0,81000.0,805,0,False,6
767,2015-06-02 04:59:09.711,721839,view,391289,,4,Tuesday,0,73440.0,805,1,False,6
768,2015-06-02 04:59:09.711,721839,view,391289,,4,Tuesday,0,73440.0,805,0,False,6
769,2015-06-02 04:59:09.711,721839,view,391289,,4,Tuesday,0,486.0,805,1,False,6
770,2015-06-02 04:59:09.711,721839,view,391289,,4,Tuesday,0,486.0,805,0,False,6
771,2015-06-02 05:52:04.329,635011,view,142075,,5,Tuesday,0,1083024.0,945,0,False,6
772,2015-06-02 05:52:04.329,635011,view,142075,,5,Tuesday,0,13800.0,945,0,False,6
773,2015-06-02 05:52:04.329,635011,view,142075,,5,Tuesday,0,15720.0,945,0,False,6
774,2015-06-02 05:52:04.329,635011,view,142075,,5,Tuesday,0,14640.0,945,0,False,6
775,2015-06-02 05:22:51.026,293285,view,288868,,5,Tuesday,0,31200.0,20,0,False,6
776,2015-06-02 05:44:14.839,21004,view,181142,,5,Tuesday,0,45600.0,-1,1,False,6
777,2015-06-02 05:44:15.932,1179587,view,367797,,5,Tuesday,0,16800.0,432,0,False,6
778,2015-06-02 05:44:15.932,1179587,view,367797,,5,Tuesday,0,4680.0,432,0,False,6
779,2015-06-02 05:44:15.932,1179587,view,367797,,5,Tuesday,0,14.4,432,0,False,6
780,2015-06-02 05:20:24.790,1059530,view,302509,,5,Tuesday,0,41760.0,1426,0,False,6
781,2015-06-02 05:49:05.724,854656,view,87947,,5,Tuesday,0,42240.0,1202,1,False,6
782,2015-06-02 05:49:05.724,854656,view,87947,,5,Tuesday,0,42240.0,1482,1,False,6
783,2015-06-02 05:49:05.724,854656,view,87947,,5,Tuesday,0,47040.0,1202,1,False,6
784,2015-06-02 05:49:05.724,854656,view,87947,,5,Tuesday,0,47040.0,1482,1,False,6
785,2015-06-02 05:49:05.724,854656,view,87947,,5,Tuesday,0,53880.0,1202,1,False,6
786,2015-06-02 05:49:05.724,854656,view,87947,,5,Tuesday,0,53880.0,1482,1,False,6
787,2015-06-02 05:49:05.724,854656,view,87947,,5,Tuesday,0,56160.0,1202,1,False,6
788,2015-06-02 05:49:05.724,854656,view,87947,,5,Tuesday,0,56160.0,1482,1,False,6
789,2015-06-02 05:49:05.724,854656,view,87947,,5,Tuesday,0,44400.0,1202,1,False,6
790,2015-06-02 05:49:05.724,854656,view,87947,,5,Tuesday,0,44400.0,1482,1,False,6
791,2015-06-02 05:39:47.786,77112,view,97879,,5,Tuesday,0,11760.0,1202,1,False,6
792,2015-06-02 05:39:47.786,77112,view,97879,,5,Tuesday,0,11760.0,1202,0,False,6
793,2015-06-02 05:39:47.786,77112,view,97879,,5,Tuesday,0,13440.0,1202,1,False,6
794,2015-06-02 05:39:47.786,77112,view,97879,,5,Tuesday,0,13440.0,1202,0,False,6
795,2015-06-02 05:39:47.786,77112,view,97879,,5,Tuesday,0,15360.0,1202,1,False,6
796,2015-06-02 05:39:47.786,77112,view,97879,,5,Tuesday,0,15360.0,1202,0,False,6
797,2015-06-02 05:39:47.786,77112,view,97879,,5,Tuesday,0,834588.0,1202,1,False,6
798,2015-06-02 05:39:47.786,77112,view,97879,,5,Tuesday,0,834588.0,1202,0,False,6
799,2015-06-02 05:57:46.941,557587,view,131882,,5,Tuesday,0,109200.0,25,1,False,6
800,2015-06-02 05:57:46.941,557587,view,131882,,5,Tuesday,0,109200.0,25,0,False,6
801,2015-06-02 05:57:46.941,557587,view,131882,,5,Tuesday,0,107880.0,25,1,False,6
802,2015-06-02 05:57:46.941,557587,view,131882,,5,Tuesday,0,107880.0,25,0,False,6
803,2015-06-02 05:44:22.777,83034,view,255833,,5,Tuesday,0,4488.0,1249,0,False,6
804,2015-06-02 05:44:22.777,83034,view,255833,,5,Tuesday,0,101832.0,1249,0,False,6
805,2015-06-02 05:44:22.777,83034,view,255833,,5,Tuesday,0,84.0,1249,0,False,6
806,2015-06-02 05:44:22.777,83034,view,255833,,5,Tuesday,0,31080.0,1249,0,False,6
807,2015-06-02 05:44:22.777,83034,view,255833,,5,Tuesday,0,23988.0,1249,0,False,6
808,2015-06-02 05:44:22.777,83034,view,255833,,5,Tuesday,0,20496.0,1249,0,False,6
809,2015-06-02 05:00:37.091,233317,view,75994,,5,Tuesday,0,265440.0,1095,0,False,6
810,2015-06-02 05:00:37.091,233317,view,75994,,5,Tuesday,0,265440.0,1095,1,False,6
811,2015-06-02 05:00:37.091,233317,view,75994,,5,Tuesday,0,266040.0,1095,0,False,6
812,2015-06-02 05:00:37.091,233317,view,75994,,5,Tuesday,0,266040.0,1095,1,False,6
813,2015-06-02 05:00:37.091,233317,view,75994,,5,Tuesday,0,295800.0,1095,0,False,6
814,2015-06-02 05:00:37.091,233317,view,75994,,5,Tuesday,0,295800.0,1095,1,False,6
815,2015-06-02 05:00:37.091,233317,view,75994,,5,Tuesday,0,269640.0,1095,0,False,6
816,2015-06-02 05:00:37.091,233317,view,75994,,5,Tuesday,0,269640.0,1095,1,False,6
817,2015-06-02 05:00:37.091,233317,view,75994,,5,Tuesday,0,276720.0,1095,0,False,6
818,2015-06-02 05:00:37.091,233317,view,75994,,5,Tuesday,0,276720.0,1095,1,False,6
819,2015-06-02 05:00:37.091,233317,view,75994,,5,Tuesday,0,302520.0,1095,0,False,6
820,2015-06-02 05:00:37.091,233317,view,75994,,5,Tuesday,0,302520.0,1095,1,False,6
821,2015-06-02 05:00:37.091,233317,view,75994,,5,Tuesday,0,273480.0,1095,0,False,6
822,2015-06-02 05:00:37.091,233317,view,75994,,5,Tuesday,0,273480.0,1095,1,False,6
823,2015-06-02 05:00:37.091,233317,view,75994,,5,Tuesday,0,271920.0,1095,0,False,6
824,2015-06-02 05:00:37.091,233317,view,75994,,5,Tuesday,0,271920.0,1095,1,False,6
825,2015-06-02 05:00:37.091,233317,view,75994,,5,Tuesday,0,282240.0,1095,0,False,6
826,2015-06-02 05:00:37.091,233317,view,75994,,5,Tuesday,0,282240.0,1095,1,False,6
827,2015-06-02 05:00:37.091,233317,view,75994,,5,Tuesday,0,311880.0,1095,0,False,6
828,2015-06-02 05:00:37.091,233317,view,75994,,5,Tuesday,0,311880.0,1095,1,False,6
829,2015-06-02 05:00:37.091,233317,view,75994,,5,Tuesday,0,270480.0,1095,0,False,6
830,2015-06-02 05:00:37.091,233317,view,75994,,5,Tuesday,0,270480.0,1095,1,False,6
831,2015-06-02 05:00:37.091,233317,view,75994,,5,Tuesday,0,279240.0,1095,0,False,6
832,2015-06-02 05:00:37.091,233317,view,75994,,5,Tuesday,0,279240.0,1095,1,False,6
833,2015-06-02 05:00:37.091,233317,view,75994,,5,Tuesday,0,480.0,1095,0,False,6
834,2015-06-02 05:00:37.091,233317,view,75994,,5,Tuesday,0,480.0,1095,1,False,6
835,2015-06-02 05:00:37.091,233317,view,75994,,5,Tuesday,0,72.0,1095,0,False,6
836,2015-06-02 05:00:37.091,233317,view,75994,,5,Tuesday,0,72.0,1095,1,False,6
837,2015-06-02 05:44:26.018,993954,view,227935,,5,Tuesday,0,45600.0,-1,1,False,6
838,2015-06-02 05:44:26.632,1045426,view,69533,,5,Tuesday,0,164160.0,500,1,False,6
839,2015-06-02 05:44:26.632,1045426,view,69533,,5,Tuesday,0,164160.0,500,0,False,6
840,2015-06-02 05:44:26.632,1045426,view,69533,,5,Tuesday,0,83880.0,500,1,False,6
841,2015-06-02 05:44:26.632,1045426,view,69533,,5,Tuesday,0,83880.0,500,0,False,6
842,2015-06-02 05:44:26.632,1045426,view,69533,,5,Tuesday,0,712942548.0,500,1,False,6
843,2015-06-02 05:44:26.632,1045426,view,69533,,5,Tuesday,0,712942548.0,500,0,False,6
844,2015-06-02 05:44:26.632,1045426,view,69533,,5,Tuesday,0,95760.0,500,1,False,6
845,2015-06-02 05:44:26.632,1045426,view,69533,,5,Tuesday,0,95760.0,500,0,False,6
846,2015-06-02 05:44:26.632,1045426,view,69533,,5,Tuesday,0,95868.0,500,1,False,6
847,2015-06-02 05:44:26.632,1045426,view,69533,,5,Tuesday,0,95868.0,500,0,False,6
848,2015-06-02 05:44:26.632,1045426,view,69533,,5,Tuesday,0,12.0,500,1,False,6
849,2015-06-02 05:44:26.632,1045426,view,69533,,5,Tuesday,0,12.0,500,0,False,6
850,2015-06-02 05:44:26.632,1045426,view,69533,,5,Tuesday,0,3.6,500,1,False,6
851,2015-06-02 05:44:26.632,1045426,view,69533,,5,Tuesday,0,3.6,500,0,False,6
852,2015-06-02 05:44:26.632,1045426,view,69533,,5,Tuesday,0,237.6,500,1,False,6
853,2015-06-02 05:44:26.632,1045426,view,69533,,5,Tuesday,0,237.6,500,0,False,6
854,2015-06-02 05:44:26.632,1045426,view,69533,,5,Tuesday,0,192.0,500,1,False,6
855,2015-06-02 05:44:26.632,1045426,view,69533,,5,Tuesday,0,192.0,500,0,False,6
856,2015-06-02 05:44:26.632,1045426,view,69533,,5,Tuesday,0,84.0,500,1,False,6
857,2015-06-02 05:44:26.632,1045426,view,69533,,5,Tuesday,0,84.0,500,0,False,6
858,2015-06-02 05:44:26.632,1045426,view,69533,,5,Tuesday,0,15.6,500,1,False,6
859,2015-06-02 05:44:26.632,1045426,view,69533,,5,Tuesday,0,15.6,500,0,False,6
860,2015-06-02 05:44:26.632,1045426,view,69533,,5,Tuesday,0,93480.0,500,1,False,6
861,2015-06-02 05:44:26.632,1045426,view,69533,,5,Tuesday,0,93480.0,500,0,False,6
862,2015-06-02 05:44:26.632,1045426,view,69533,,5,Tuesday,0,146.4,500,1,False,6
863,2015-06-02 05:44:26.632,1045426,view,69533,,5,Tuesday,0,146.4,500,0,False,6
864,2015-06-02 05:14:06.974,428642,view,359747,,5,Tuesday,0,96.0,1667,0,False,6
865,2015-06-02 05:14:06.974,428642,view,359747,,5,Tuesday,0,96.0,1667,1,False,6
866,2015-06-02 05:14:06.974,428642,view,359747,,5,Tuesday,0,61920.0,1667,0,False,6
867,2015-06-02 05:14:06.974,428642,view,359747,,5,Tuesday,0,61920.0,1667,1,False,6
868,2015-06-02 05:14:06.974,428642,view,359747,,5,Tuesday,0,64680.0,1667,0,False,6
869,2015-06-02 05:14:06.974,428642,view,359747,,5,Tuesday,0,64680.0,1667,1,False,6
870,2015-06-02 05:14:06.974,428642,view,359747,,5,Tuesday,0,24000.0,1667,0,False,6
871,2015-06-02 05:14:06.974,428642,view,359747,,5,Tuesday,0,24000.0,1667,1,False,6
872,2015-06-02 05:44:39.629,15795,view,81075,,5,Tuesday,0,9.6,1056,0,False,6
873,2015-06-02 05:44:39.629,15795,view,81075,,5,Tuesday,0,9.6,164,0,False,6
874,2015-06-02 05:44:39.629,15795,view,81075,,5,Tuesday,0,1800.0,1056,0,False,6
875,2015-06-02 05:44:39.629,15795,view,81075,,5,Tuesday,0,1800.0,164,0,False,6
876,2015-06-02 04:58:59.773,97140,view,257675,,4,Tuesday,0,12240.0,593,1,False,6
877,2015-06-02 04:58:59.773,97140,view,257675,,4,Tuesday,0,12240.0,593,0,False,6
878,2015-06-02 04:58:59.773,97140,view,257675,,4,Tuesday,0,9600.0,593,1,False,6
879,2015-06-02 04:58:59.773,97140,view,257675,,4,Tuesday,0,9600.0,593,0,False,6
880,2015-06-02 04:58:59.773,97140,view,257675,,4,Tuesday,0,11160.0,593,1,False,6
881,2015-06-02 04:58:59.773,97140,view,257675,,4,Tuesday,0,11160.0,593,0,False,6
882,2015-06-02 05:54:58.209,970474,view,324543,,5,Tuesday,0,24.0,250,1,False,6
883,2015-06-02 05:54:58.209,970474,view,324543,,5,Tuesday,0,24.0,250,0,False,6
884,2015-06-02 05:54:58.209,970474,view,324543,,5,Tuesday,0,24.0,679,1,False,6
885,2015-06-02 05:54:58.209,970474,view,324543,,5,Tuesday,0,24.0,679,0,False,6
886,2015-06-02 05:54:58.209,970474,view,324543,,5,Tuesday,0,56280.0,250,1,False,6
887,2015-06-02 05:54:58.209,970474,view,324543,,5,Tuesday,0,56280.0,250,0,False,6
888,2015-06-02 05:54:58.209,970474,view,324543,,5,Tuesday,0,56280.0,679,1,False,6
889,2015-06-02 05:54:58.209,970474,view,324543,,5,Tuesday,0,56280.0,679,0,False,6
890,2015-06-02 05:54:58.209,970474,view,324543,,5,Tuesday,0,113400.0,250,1,False,6
891,2015-06-02 05:54:58.209,970474,view,324543,,5,Tuesday,0,113400.0,250,0,False,6
892,2015-06-02 05:54:58.209,970474,view,324543,,5,Tuesday,0,113400.0,679,1,False,6
893,2015-06-02 05:54:58.209,970474,view,324543,,5,Tuesday,0,113400.0,679,0,False,6
894,2015-06-02 05:54:58.209,970474,view,324543,,5,Tuesday,0,117960.0,250,1,False,6
895,2015-06-02 05:54:58.209,970474,view,324543,,5,Tuesday,0,117960.0,250,0,False,6
896,2015-06-02 05:54:58.209,970474,view,324543,,5,Tuesday,0,117960.0,679,1,False,6
897,2015-06-02 05:54:58.209,970474,view,324543,,5,Tuesday,0,117960.0,679,0,False,6
898,2015-06-02 05:54:58.209,970474,view,324543,,5,Tuesday,0,1644.0,250,1,False,6
899,2015-06-02 05:54:58.209,970474,view,324543,,5,Tuesday,0,1644.0,250,0,False,6
900,2015-06-02 05:54:58.209,970474,view,324543,,5,Tuesday,0,1644.0,679,1,False,6
901,2015-06-02 05:54:58.209,970474,view,324543,,5,Tuesday,0,1644.0,679,0,False,6
902,2015-06-02 05:54:58.209,970474,view,324543,,5,Tuesday,0,5760.0,250,1,False,6
903,2015-06-02 05:54:58.209,970474,view,324543,,5,Tuesday,0,5760.0,250,0,False,6
904,2015-06-02 05:54:58.209,970474,view,324543,,5,Tuesday,0,5760.0,679,1,False,6
905,2015-06-02 05:54:58.209,970474,view,324543,,5,Tuesday,0,5760.0,679,0,False,6
906,2015-06-02 05:54:58.209,970474,view,324543,,5,Tuesday,0,48.0,250,1,False,6
907,2015-06-02 05:54:58.209,970474,view,324543,,5,Tuesday,0,48.0,250,0,False,6
908,2015-06-02 05:54:58.209,970474,view,324543,,5,Tuesday,0,48.0,679,1,False,6
909,2015-06-02 05:54:58.209,970474,view,324543,,5,Tuesday,0,48.0,679,0,False,6
910,2015-06-02 04:58:58.230,97140,view,328025,,4,Tuesday,0,29220.0,593,1,False,6
911,2015-06-02 04:58:58.230,97140,view,328025,,4,Tuesday,0,29220.0,593,0,False,6
912,2015-06-02 04:58:58.230,97140,view,328025,,4,Tuesday,0,26160.0,593,1,False,6
913,2015-06-02 04:58:58.230,97140,view,328025,,4,Tuesday,0,26160.0,593,0,False,6
914,2015-06-02 04:58:58.230,97140,view,328025,,4,Tuesday,0,28560.0,593,1,False,6
915,2015-06-02 04:58:58.230,97140,view,328025,,4,Tuesday,0,28560.0,593,0,False,6
916,2015-06-02 04:58:58.230,97140,view,328025,,4,Tuesday,0,28848.0,593,1,False,6
917,2015-06-02 04:58:58.230,97140,view,328025,,4,Tuesday,0,28848.0,593,0,False,6
918,2015-06-02 04:58:58.230,97140,view,328025,,4,Tuesday,0,35760.0,593,1,False,6
919,2015-06-02 04:58:58.230,97140,view,328025,,4,Tuesday,0,35760.0,593,0,False,6
920,2015-06-02 05:52:24.626,138674,view,202719,,5,Tuesday,0,18.0,500,0,False,6
921,2015-06-02 05:52:24.626,138674,view,202719,,5,Tuesday,0,27.12,500,0,False,6
922,2015-06-02 05:52:24.626,138674,view,202719,,5,Tuesday,0,180.0,500,0,False,6
923,2015-06-02 05:52:24.626,138674,view,202719,,5,Tuesday,0,462.72,500,0,False,6
924,2015-06-02 05:52:24.626,138674,view,202719,,5,Tuesday,0,6000.0,500,0,False,6
925,2015-06-02 05:52:24.626,138674,view,202719,,5,Tuesday,0,187.2,500,0,False,6
926,2015-06-02 05:52:24.626,138674,view,202719,,5,Tuesday,0,27.36,500,0,False,6
927,2015-06-02 05:52:24.626,138674,view,202719,,5,Tuesday,0,15.6,500,0,False,6
928,2015-06-02 05:52:24.626,138674,view,202719,,5,Tuesday,0,309.6,500,0,False,6
929,2015-06-02 05:52:24.626,138674,view,202719,,5,Tuesday,0,48.0,500,0,False,6
930,2015-06-02 05:52:24.626,138674,view,202719,,5,Tuesday,0,255216.0,500,0,False,6
931,2015-06-02 05:29:40.695,1045633,view,372688,,5,Tuesday,0,13320.0,945,1,False,6
932,2015-06-02 05:29:40.695,1045633,view,372688,,5,Tuesday,0,13320.0,945,0,False,6
933,2015-06-02 05:29:40.695,1045633,view,372688,,5,Tuesday,0,11520.0,945,1,False,6
934,2015-06-02 05:29:40.695,1045633,view,372688,,5,Tuesday,0,11520.0,945,0,False,6
935,2015-06-02 05:29:40.695,1045633,view,372688,,5,Tuesday,0,1088472.0,945,1,False,6
936,2015-06-02 05:29:40.695,1045633,view,372688,,5,Tuesday,0,1088472.0,945,0,False,6
937,2015-06-02 05:54:31.042,202383,view,261865,,5,Tuesday,0,10044.0,1482,0,False,6
938,2015-06-02 05:54:31.042,202383,view,261865,,5,Tuesday,0,10044.0,1482,1,False,6
939,2015-06-02 05:54:31.042,202383,view,261865,,5,Tuesday,0,9240.0,1482,0,False,6
940,2015-06-02 05:54:31.042,202383,view,261865,,5,Tuesday,0,9240.0,1482,1,False,6
941,2015-06-02 05:54:31.042,202383,view,261865,,5,Tuesday,0,11400.0,1482,0,False,6
942,2015-06-02 05:54:31.042,202383,view,261865,,5,Tuesday,0,11400.0,1482,1,False,6
943,2015-06-02 05:54:31.042,202383,view,261865,,5,Tuesday,0,240.0,1482,0,False,6
944,2015-06-02 05:54:31.042,202383,view,261865,,5,Tuesday,0,240.0,1482,1,False,6
945,2015-06-02 05:59:14.197,1109336,view,431148,,5,Tuesday,0,480.0,561,0,False,6
946,2015-06-02 05:59:14.197,1109336,view,431148,,5,Tuesday,0,320880.0,561,0,False,6
947,2015-06-02 05:59:14.197,1109336,view,431148,,5,Tuesday,0,23040.0,561,0,False,6
948,2015-06-02 04:58:55.245,320957,view,102131,,4,Tuesday,0,23160.0,1202,0,False,6
949,2015-06-02 05:45:00.862,132736,view,67627,,5,Tuesday,0,94320.0,520,0,False,6
950,2015-06-02 05:45:00.862,132736,view,67627,,5,Tuesday,0,12.0,520,0,False,6
951,2015-06-02 05:52:32.539,282587,view,78037,,5,Tuesday,0,78.0,1562,0,False,6
952,2015-06-02 05:52:32.539,282587,view,78037,,5,Tuesday,0,63600.0,1562,0,False,6
953,2015-06-02 05:52:32.539,282587,view,78037,,5,Tuesday,0,102000.0,1562,0,False,6
954,2015-06-02 05:52:32.539,282587,view,78037,,5,Tuesday,0,18.0,1562,0,False,6
955,2015-06-02 05:29:09.983,901571,view,458588,,5,Tuesday,0,9720.0,1684,0,False,6
956,2015-06-02 05:29:09.983,901571,view,458588,,5,Tuesday,0,9720.0,1684,1,False,6
957,2015-06-02 05:29:09.347,442035,view,75006,,5,Tuesday,0,45600.0,-1,1,False,6
958,2015-06-02 05:04:28.563,881338,view,24431,,5,Tuesday,0,45600.0,-1,1,False,6
959,2015-06-02 05:29:06.463,789114,view,412312,,5,Tuesday,0,324.0,1482,0,False,6
960,2015-06-02 05:29:06.463,789114,view,412312,,5,Tuesday,0,9960.0,1482,0,False,6
961,2015-06-02 05:15:03.817,1096028,view,337686,,5,Tuesday,0,45600.0,-1,1,False,6
962,2015-06-02 05:29:02.281,1269628,view,137305,,5,Tuesday,0,720.0,568,0,False,6
963,2015-06-02 05:29:02.281,1269628,view,137305,,5,Tuesday,0,720.0,568,1,False,6
964,2015-06-02 05:29:02.281,1269628,view,137305,,5,Tuesday,0,96.0,568,0,False,6
965,2015-06-02 05:29:02.281,1269628,view,137305,,5,Tuesday,0,96.0,568,1,False,6
966,2015-06-02 05:29:02.281,1269628,view,137305,,5,Tuesday,0,287160.0,568,0,False,6
967,2015-06-02 05:29:02.281,1269628,view,137305,,5,Tuesday,0,287160.0,568,1,False,6
968,2015-06-02 05:29:02.281,1269628,view,137305,,5,Tuesday,0,296400.0,568,0,False,6
969,2015-06-02 05:29:02.281,1269628,view,137305,,5,Tuesday,0,296400.0,568,1,False,6
970,2015-06-02 05:29:02.281,1269628,view,137305,,5,Tuesday,0,282720.0,568,0,False,6
971,2015-06-02 05:29:02.281,1269628,view,137305,,5,Tuesday,0,282720.0,568,1,False,6
972,2015-06-02 05:29:02.281,1269628,view,137305,,5,Tuesday,0,291360.0,568,0,False,6
973,2015-06-02 05:29:02.281,1269628,view,137305,,5,Tuesday,0,291360.0,568,1,False,6
974,2015-06-02 05:29:02.281,1269628,view,137305,,5,Tuesday,0,279960.0,568,0,False,6
975,2015-06-02 05:29:02.281,1269628,view,137305,,5,Tuesday,0,279960.0,568,1,False,6
976,2015-06-02 05:29:02.281,1269628,view,137305,,5,Tuesday,0,298200.0,568,0,False,6
977,2015-06-02 05:29:02.281,1269628,view,137305,,5,Tuesday,0,298200.0,568,1,False,6
978,2015-06-02 05:29:02.281,1269628,view,137305,,5,Tuesday,0,274920.0,568,0,False,6
979,2015-06-02 05:29:02.281,1269628,view,137305,,5,Tuesday,0,274920.0,568,1,False,6
980,2015-06-02 05:29:02.281,1269628,view,137305,,5,Tuesday,0,293880.0,568,0,False,6
981,2015-06-02 05:29:02.281,1269628,view,137305,,5,Tuesday,0,293880.0,568,1,False,6
982,2015-06-02 05:29:02.281,1269628,view,137305,,5,Tuesday,0,290640.0,568,0,False,6
983,2015-06-02 05:29:02.281,1269628,view,137305,,5,Tuesday,0,290640.0,568,1,False,6
984,2015-06-02 05:29:02.281,1269628,view,137305,,5,Tuesday,0,282480.0,568,0,False,6
985,2015-06-02 05:29:02.281,1269628,view,137305,,5,Tuesday,0,282480.0,568,1,False,6
986,2015-06-02 05:29:02.281,1269628,view,137305,,5,Tuesday,0,168.0,568,0,False,6
987,2015-06-02 05:29:02.281,1269628,view,137305,,5,Tuesday,0,168.0,568,1,False,6
988,2015-06-02 05:28:50.873,428642,view,167337,,5,Tuesday,0,257880.0,561,1,False,6
989,2015-06-02 05:28:50.873,428642,view,167337,,5,Tuesday,0,257880.0,561,0,False,6
990,2015-06-02 05:28:50.873,428642,view,167337,,5,Tuesday,0,244992.0,561,1,False,6
991,2015-06-02 05:28:50.873,428642,view,167337,,5,Tuesday,0,244992.0,561,0,False,6
992,2015-06-02 05:28:50.873,428642,view,167337,,5,Tuesday,0,269880.0,561,1,False,6
993,2015-06-02 05:28:50.873,428642,view,167337,,5,Tuesday,0,269880.0,561,0,False,6
994,2015-06-02 05:28:50.873,428642,view,167337,,5,Tuesday,0,384.0,561,1,False,6
995,2015-06-02 05:28:50.873,428642,view,167337,,5,Tuesday,0,384.0,561,0,False,6
996,2015-06-02 05:28:50.873,428642,view,167337,,5,Tuesday,0,23040.0,561,1,False,6
997,2015-06-02 05:28:50.873,428642,view,167337,,5,Tuesday,0,23040.0,561,0,False,6
998,2015-06-02 04:54:57.977,1217827,view,203231,,4,Tuesday,0,144600.0,1308,1,False,6
999,2015-06-02 04:54:57.977,1217827,view,203231,,4,Tuesday,0,150360.0,1308,1,False,6
