visitorid,first_seen,last_seen,total_events,total_views,unique_items,unique_categories,avg_price_viewed,max_price_viewed,avg_availability,has_converted,user_tenure_days,events_per_day,conversion_rate
0,2015-09-11 20:49:49.439,2015-09-11 20:55:17.175,18,18,3,2,284960.6666666667,719880.0,0.6666666666666666,0,1,18.0,0.0
1,2015-08-13 17:46:06.444,2015-08-13 17:46:06.444,2,2,1,1,177486.0,354960.0,0.0,0,1,2.0,0.0
2,2015-08-07 17:51:44.567,2015-08-07 18:20:57.845,68,68,4,1,2437887.882352941,81821076.0,0.6323529411764706,0,1,68.0,0.0
3,2015-08-01 07:10:35.296,2015-08-01 07:10:35.296,3,3,1,1,13514.800000000001,26400.0,0.0,0,1,3.0,0.0
4,2015-09-15 21:24:27.167,2015-09-15 21:24:27.167,1,1,1,0,0.0,0.0,0.0,0,1,1.0,0.0
5,2015-07-17 01:45:56.439,2015-07-17 01:45:56.439,2,2,1,1,147066.0,294120.0,0.0,0,1,2.0,0.0
6,2015-08-30 06:03:48.202,2015-08-31 03:21:25.697,99,81,3,1,116600.77575757577,347880.0,1.0,0,1,99.0,0.0
7,2015-05-14 05:39:36.753,2015-05-16 04:20:39.214,40,40,3,2,17600.076,30840.0,0.475,0,1,40.0,0.0
8,2015-05-31 00:01:53.812,2015-05-31 00:01:53.812,1,1,1,0,0.0,0.0,0.0,0,1,1.0,0.0
9,2015-07-08 17:36:47.285,2015-07-08 17:36:47.285,8,8,1,1,73023.0,80160.0,1.0,0,1,8.0,0.0
10,2015-08-04 18:30:29.611,2015-08-04 18:30:29.611,14,14,1,1,25184.571428571428,35520.0,0.5,0,1,14.0,0.0
11,2015-08-15 00:29:43.361,2015-08-15 00:29:43.361,30,30,1,1,17909.12,26040.0,0.5,0,1,30.0,0.0
12,2015-05-03 15:50:12.744,2015-05-03 15:50:12.744,2,2,1,1,3637.2,7272.0,0.0,0,1,2.0,0.0
13,2015-06-18 04:42:22.103,2015-06-18 04:43:15.136,13,13,2,1,313465.8461538461,1123236.0,0.38461538461538464,0,1,13.0,0.0
14,2015-05-28 15:18:18.250,2015-05-28 15:18:18.250,10,10,1,1,51177.36,113880.0,0.5,0,1,10.0,0.0
15,2015-09-10 02:01:25.703,2015-09-10 02:01:25.703,20,20,1,1,15513.6,16920.0,0.5,0,1,20.0,0.0
16,2015-05-12 13:17:47.164,2015-05-12 13:17:47.164,2,2,1,1,14442.0,28800.0,0.0,0,1,2.0,0.0
17,2015-06-02 02:23:57.727,2015-06-02 02:23:57.727,16,16,1,1,113671.5,235680.0,0.5,0,1,16.0,0.0
18,2015-09-01 20:44:53.471,2015-09-01 20:44:53.471,3,3,1,3,238800.0,238800.0,0.0,0,1,3.0,0.0
19,2015-05-23 01:57:17.390,2015-05-23 01:57:17.390,1,1,1,0,0.0,0.0,0.0,0,1,1.0,0.0
20,2015-07-13 16:30:36.364,2015-07-13 16:30:36.364,3,3,1,1,14244.0,40680.0,0.0,0,1,3.0,0.0
21,2015-08-23 12:09:39.313,2015-08-23 12:09:39.313,1,1,1,1,11880.0,11880.0,0.0,0,1,1.0,0.0
22,2015-07-02 23:16:15.173,2015-07-02 23:16:38.785,4,4,1,1,10461.0,20880.0,0.0,0,1,4.0,0.0
23,2015-06-07 04:12:03.043,2015-06-12 02:56:11.188,27,27,2,2,25435.11111111111,44760.0,0.8888888888888888,0,4,6.75,0.0
24,2015-05-22 18:21:49.615,2015-05-22 18:23:43.676,26,26,2,1,46375.38461538462,62880.0,0.5,0,1,26.0,0.0
25,2015-06-28 01:00:30.805,2015-06-28 01:00:30.805,16,16,1,1,77041.4415,614280.0,0.5,0,1,16.0,0.0
26,2015-07-28 00:59:16.395,2015-07-28 00:59:16.395,5,5,1,1,71028.0,118800.0,1.0,0,1,5.0,0.0
27,2015-07-24 08:51:19.750,2015-07-24 08:51:19.750,14,14,1,1,11074.285714285714,12960.0,0.5,0,1,14.0,0.0
28,2015-06-06 08:52:22.154,2015-06-06 08:52:22.154,1,1,1,0,0.0,0.0,0.0,0,1,1.0,0.0
29,2015-08-30 05:11:58.175,2015-08-30 05:11:58.175,9,9,1,1,31168.0,51936.0,1.0,0,1,9.0,0.0
30,2015-08-10 08:09:48.141,2015-08-10 08:09:48.141,20,20,1,1,40406.4,53520.0,1.0,0,1,20.0,0.0
31,2015-07-21 15:34:12.502,2015-07-21 15:34:12.502,32,32,1,1,148740.0,165720.0,0.5,0,1,32.0,0.0
32,2015-09-02 19:50:08.505,2015-09-10 17:14:07.409,17,17,2,1,179008.23529411765,377280.0,0.4117647058823529,0,7,2.4285714285714284,0.0
33,2015-09-11 21:55:13.152,2015-09-11 21:55:13.152,4,4,1,1,4344.0,16392.0,0.0,0,1,4.0,0.0
34,2015-05-15 00:43:01.330,2015-05-15 00:43:01.330,3,3,1,1,12400.0,36840.0,0.0,0,1,3.0,0.0
35,2015-09-02 21:17:42.516,2015-09-02 21:17:42.516,22,22,1,1,44263.63636363636,59280.0,0.5,0,1,22.0,0.0
36,2015-07-13 16:29:23.786,2015-07-13 16:32:48.853,2,2,1,1,7320.0,7320.0,0.0,0,1,2.0,0.0
37,2015-08-07 20:40:41.693,2015-08-13 15:54:35.366,122,122,2,2,70488.0,147840.0,0.5,0,5,24.4,0.0
38,2015-09-09 22:53:47.114,2015-09-09 22:53:47.114,2,2,1,1,8796.0,17400.0,0.0,0,1,2.0,0.0
39,2015-07-19 03:01:26.274,2015-08-15 04:30:27.084,2,2,1,0,0.0,0.0,0.0,0,27,0.07407407407407407,0.0
40,2015-05-18 02:47:37.199,2015-05-18 02:47:37.199,1,1,1,1,11520.0,11520.0,0.0,0,1,1.0,0.0
41,2015-08-22 19:47:45.864,2015-08-22 19:47:45.864,2,2,1,1,27606.0,54960.0,0.0,0,1,2.0,0.0
42,2015-07-27 03:46:05.299,2015-07-27 03:46:05.299,2,2,1,1,48480.0,74160.0,0.0,0,1,2.0,0.0
43,2015-07-01 00:19:39.256,2015-07-01 00:19:39.256,2,2,1,1,169500.0,322200.0,0.0,0,1,2.0,0.0
44,2015-05-12 03:37:24.989,2015-05-12 03:37:24.989,32,32,1,2,22855.5,37800.0,0.5,0,1,32.0,0.0
45,2015-05-11 04:00:12.912,2015-05-11 04:00:12.912,3,3,1,1,2004738.0,6002028.0,1.0,0,1,3.0,0.0
46,2015-07-28 22:06:10.617,2015-08-10 21:39:03.761,10,10,1,1,29397.6,134400.0,0.0,0,12,0.8333333333333334,0.0
47,2015-07-17 20:24:04.303,2015-07-17 20:24:04.303,6,6,1,1,50761.799999999996,205200.0,0.0,0,1,6.0,0.0
48,2015-09-14 22:45:01.202,2015-09-14 22:45:01.202,3,3,1,1,34914.0,104040.0,0.0,0,1,3.0,0.0
49,2015-05-25 19:58:05.846,2015-05-25 19:58:05.846,1,1,1,0,0.0,0.0,0.0,0,1,1.0,0.0
50,2015-07-10 21:08:04.552,2015-07-10 21:08:04.552,1,1,1,0,0.0,0.0,0.0,0,1,1.0,0.0
51,2015-09-05 23:20:57.511,2015-09-05 23:28:04.069,154,154,5,1,94153021.14545454,7247466240.0,0.5909090909090909,0,1,154.0,0.0
52,2015-06-01 22:37:25.927,2015-06-01 22:37:25.927,3,3,1,1,32607424.0,97780812.0,0.0,0,1,3.0,0.0
53,2015-07-08 22:30:35.749,2015-07-08 22:30:35.749,30,30,1,1,13523.2,17880.0,0.5,0,1,30.0,0.0
54,2015-09-15 17:35:31.705,2015-09-18 01:03:27.379,62,62,6,1,15569332.258064516,240180048.0,0.8064516129032258,0,2,31.0,0.0
55,2015-05-05 21:45:10.564,2015-05-05 22:01:21.900,4,4,1,1,260502.0,518724.0,0.0,0,1,4.0,0.0
56,2015-09-03 23:08:34.812,2015-09-03 23:08:34.812,10,10,1,1,522696.0,591360.0,0.5,0,1,10.0,0.0
57,2015-08-14 04:54:07.841,2015-08-14 04:54:07.841,3,3,1,1,41003.200000000004,122880.0,0.0,0,1,3.0,0.0
58,2015-05-11 04:46:52.666,2015-05-11 04:47:34.897,8,8,1,1,321192.0,642360.0,0.5,0,1,8.0,0.0
59,2015-07-14 17:16:48.316,2015-07-14 17:16:48.316,3,3,1,1,92636.0,97344.0,1.0,0,1,3.0,0.0
60,2015-06-21 00:25:04.763,2015-06-21 00:27:14.665,40,40,3,1,22566.0,37440.0,0.5,0,1,40.0,0.0
61,2015-08-13 04:20:34.692,2015-08-13 04:20:34.692,3,3,1,1,127476.0,140016.0,1.0,0,1,3.0,0.0
62,2015-06-13 05:29:13.423,2015-06-13 18:06:01.600,2,2,1,1,6840.0,6840.0,0.0,0,1,2.0,0.0
63,2015-05-11 04:09:12.077,2015-05-11 04:09:12.077,9,9,1,1,51814.933333333334,131880.0,1.0,0,1,9.0,0.0
64,2015-06-15 21:51:51.942,2015-06-24 01:07:08.344,75,75,6,3,51873.92,176640.0,0.5333333333333333,0,8,9.375,0.0
65,2015-06-22 15:38:37.948,2015-06-22 15:39:29.427,52,52,3,2,1115073180.9230769,7247675076.0,0.5,0,1,52.0,0.0
66,2015-08-08 20:06:18.908,2015-08-08 20:06:18.908,3,3,1,1,14696.0,43200.0,0.0,0,1,3.0,0.0
67,2015-07-20 14:42:04.085,2015-07-20 14:42:04.085,22,22,1,2,79526.18181818182,101280.0,1.0,0,1,22.0,0.0
68,2015-07-02 19:35:40.793,2015-07-02 19:35:40.793,3,3,1,1,6612.0,19800.0,0.0,0,1,3.0,0.0
69,2015-07-21 02:37:52.943,2015-07-21 02:37:52.943,2,2,1,1,74172.0,148320.0,0.0,0,1,2.0,0.0
70,2015-06-30 05:49:33.952,2015-06-30 05:49:33.952,14,14,1,1,194451.42857142858,282396.0,0.5,0,1,14.0,0.0
71,2015-08-08 23:30:26.930,2015-08-08 23:30:26.930,2,2,1,1,41040.0,81720.0,0.0,0,1,2.0,0.0
72,2015-05-25 22:01:56.748,2015-05-25 22:01:56.748,26,26,1,1,55540.015384615384,91320.0,1.0,0,1,26.0,0.0
73,2015-05-18 15:48:42.567,2015-05-18 15:49:34.022,4,4,1,1,4232586.0,8461212.0,0.0,0,1,4.0,0.0
74,2015-06-02 06:50:00.750,2015-08-11 06:43:29.853,39,39,5,3,25356820.10526316,961133076.0,0.47368421052631576,0,69,0.5652173913043478,0.0
75,2015-06-29 19:46:15.261,2015-07-21 15:31:08.245,212,212,2,1,33752.09433962264,41040.0,0.9716981132075472,0,21,10.095238095238095,0.0
76,2015-06-29 20:31:25.601,2015-06-29 20:31:57.671,8,8,2,1,66405.0,84360.0,0.75,0,1,8.0,0.0
77,2015-08-13 17:32:35.716,2015-08-13 17:32:35.716,1,1,1,1,10680.0,10680.0,0.0,0,1,1.0,0.0
78,2015-05-05 22:36:44.981,2015-05-05 22:36:44.981,3,3,1,1,79504.0,221520.0,0.0,0,1,3.0,0.0
79,2015-07-26 16:10:01.434,2015-07-26 16:10:01.434,5,5,1,1,13072.8,28320.0,0.0,0,1,5.0,0.0
80,2015-08-31 01:53:45.805,2015-08-31 01:53:45.805,3,3,1,1,429296.0,1262016.0,0.0,0,1,3.0,0.0
81,2015-09-10 16:19:21.243,2015-09-10 16:20:45.920,32,32,1,1,56265.0,62880.0,0.5,0,1,32.0,0.0
82,2015-06-28 16:44:46.838,2015-06-28 16:44:46.838,4,4,1,1,27504.54,95902.56,0.0,0,1,4.0,0.0
83,2015-09-14 03:20:09.915,2015-09-14 03:20:09.915,3,3,1,1,13520.0,33120.0,0.0,0,1,3.0,0.0
84,2015-05-06 20:11:24.006,2015-05-06 20:11:24.006,3,3,1,1,11440.0,32520.0,0.0,0,1,3.0,0.0
85,2015-07-24 00:11:31.070,2015-07-24 00:11:31.070,2,2,1,1,31020.0,38040.0,0.0,0,1,2.0,0.0
86,2015-09-15 20:09:20.317,2015-09-15 20:17:49.636,18,18,1,1,15958.666666666666,52452.0,1.0,0,1,18.0,0.0
87,2015-09-05 22:31:11.237,2015-09-05 22:31:11.237,7,7,1,1,49848.0,289224.0,1.0,0,1,7.0,0.0
88,2015-09-12 19:38:53.371,2015-09-12 19:40:34.560,7,7,2,1,79320.0,84360.0,0.8571428571428571,0,1,7.0,0.0
89,2015-07-09 13:36:05.969,2015-07-25 23:22:35.931,66,66,3,1,88849.09090909091,162480.0,0.5,0,16,4.125,0.0
90,2015-07-01 22:45:54.928,2015-07-01 22:45:54.928,6,6,1,1,61630.0,77400.0,1.0,0,1,6.0,0.0
91,2015-06-04 05:56:24.204,2015-06-22 18:03:04.170,24,24,2,2,281680.0,515400.0,0.5,0,18,1.3333333333333333,0.0
92,2015-05-06 00:34:46.291,2015-05-06 00:34:46.291,2,2,1,1,10740.0,14400.0,0.0,0,1,2.0,0.0
93,2015-08-10 22:24:49.967,2015-08-10 22:24:49.967,1,1,1,0,0.0,0.0,0.0,0,1,1.0,0.0
94,2015-08-04 15:36:11.740,2015-08-04 15:54:39.967,134,134,2,1,274229.32835820894,623760.0,0.5,0,1,134.0,0.0
95,2015-06-12 00:39:56.676,2015-06-12 00:40:41.704,20,20,2,1,54660.0,61080.0,0.5,0,1,20.0,0.0
96,2015-08-01 05:09:11.841,2015-08-01 05:09:11.841,10,10,1,2,15729.6,67560.0,0.0,0,1,10.0,0.0
97,2015-07-10 00:06:11.607,2015-07-19 09:28:09.799,80,80,3,1,62038.86,118320.0,0.725,0,9,8.88888888888889,0.0
98,2015-06-29 16:19:08.315,2015-06-29 16:19:08.315,5,5,1,1,59126.4,101988.0,0.0,0,1,5.0,0.0
99,2015-05-10 03:23:13.472,2015-05-10 18:30:31.676,2,2,1,1,43320.0,43320.0,0.0,0,1,2.0,0.0
100,2015-09-08 23:48:55.990,2015-09-08 23:52:54.884,24,24,1,1,5032.0,5760.0,0.5,0,1,24.0,0.0
101,2015-05-12 16:44:07.989,2015-05-12 16:44:07.989,4,4,1,1,9300.0,21600.0,0.0,0,1,4.0,0.0
102,2015-05-17 20:06:19.359,2015-07-16 18:52:50.675,4,4,2,2,9579.0,18720.0,0.0,0,59,0.06779661016949153,0.0
103,2015-07-05 13:00:32.517,2015-07-05 13:35:19.298,5,5,2,1,8685.6,26880.0,0.0,0,1,5.0,0.0
104,2015-08-27 03:58:10.211,2015-08-27 03:58:10.211,1,1,1,1,18000.0,18000.0,0.0,0,1,1.0,0.0
105,2015-08-13 05:00:39.738,2015-08-13 05:01:27.408,40,40,1,1,8780.316,83880.0,0.5,0,1,40.0,0.0
106,2015-06-06 02:55:17.942,2015-06-06 02:55:17.942,2,2,1,1,60000.0,60000.0,0.5,0,1,2.0,0.0
107,2015-06-12 05:54:01.005,2015-06-12 05:54:01.005,1,1,1,0,0.0,0.0,0.0,0,1,1.0,0.0
108,2015-08-12 04:51:55.705,2015-08-12 04:54:16.465,12,12,1,1,96558.0,193080.0,0.5,0,1,12.0,0.0
109,2015-06-02 19:02:14.302,2015-06-02 19:02:14.302,32,32,1,2,203421.0,359880.0,0.5,0,1,32.0,0.0
110,2015-08-16 23:05:32.602,2015-08-16 23:05:32.602,10,10,1,2,21392.4,95880.0,0.0,0,1,10.0,0.0
111,2015-07-19 04:18:38.909,2015-07-19 04:27:44.693,28,28,1,1,34498.28571428572,66360.0,0.5,0,1,28.0,0.0
112,2015-05-13 21:36:57.839,2015-05-13 21:36:57.839,3,3,1,1,79432.0,87240.0,1.0,0,1,3.0,0.0
113,2015-07-05 06:56:58.094,2015-07-05 06:56:58.094,10,10,1,1,32083.2,44988.0,0.5,0,1,10.0,0.0
114,2015-09-04 05:24:38.869,2015-09-04 05:24:38.869,14,14,1,2,25457.14285714286,71880.0,1.0,0,1,14.0,0.0
115,2015-09-14 16:21:50.644,2015-09-14 16:21:50.644,4,4,1,1,12900.0,13920.0,1.0,0,1,4.0,0.0
116,2015-07-07 03:23:59.358,2015-07-07 03:23:59.358,1,1,1,0,0.0,0.0,0.0,0,1,1.0,0.0
117,2015-08-09 16:16:01.310,2015-08-09 16:47:33.790,17,17,2,2,15722.823529411764,49320.0,0.7058823529411765,0,1,17.0,0.0
118,2015-09-06 03:16:37.185,2015-09-06 03:16:37.185,4,4,1,1,238050.0,951240.0,0.0,0,1,4.0,0.0
119,2015-08-15 18:54:31.050,2015-08-15 18:54:31.050,6,6,1,1,178984.0,993768.0,1.0,0,1,6.0,0.0
120,2015-07-04 15:30:59.041,2015-07-04 15:30:59.041,3,3,1,1,6372.0,17400.0,0.0,0,1,3.0,0.0
121,2015-07-01 00:26:20.438,2015-07-01 00:26:20.438,10,10,1,1,805461.6,3600348.0,0.5,0,1,10.0,0.0
122,2015-06-02 22:53:06.381,2015-06-02 22:53:06.381,12,12,1,1,61600.0,123480.0,0.5,0,1,12.0,0.0
123,2015-07-20 10:20:05.950,2015-07-20 10:20:05.950,8,8,1,1,54501.0,68280.0,0.5,0,1,8.0,0.0
124,2015-06-06 12:57:55.329,2015-07-15 07:38:33.919,29,29,2,1,109513.71428571429,769596.0,0.5,0,38,0.7631578947368421,0.0
125,2015-07-31 00:45:07.349,2015-07-31 00:45:07.349,10,10,1,1,22764.816,38544.0,0.5,0,1,10.0,0.0
126,2015-08-22 21:09:58.839,2015-08-22 21:09:58.839,4,4,1,1,4054.5,13320.0,0.0,0,1,4.0,0.0
127,2015-05-13 16:48:01.405,2015-05-13 16:48:01.405,5,5,1,1,72266.4,103080.0,1.0,0,1,5.0,0.0
128,2015-07-24 19:03:32.808,2015-07-24 19:03:32.808,3,3,1,1,20155960.0,60453600.0,1.0,0,1,3.0,0.0
129,2015-09-14 21:38:45.150,2015-09-14 21:38:45.150,1,1,1,0,0.0,0.0,0.0,0,1,1.0,0.0
130,2015-06-15 13:45:19.564,2015-06-15 13:45:19.564,16,16,1,1,70800.0,74400.0,0.5,0,1,16.0,0.0
131,2015-07-31 05:27:54.392,2015-07-31 05:27:54.392,4,4,1,2,5130.0,9960.0,0.0,0,1,4.0,0.0
132,2015-06-19 17:24:47.284,2015-06-20 06:17:19.461,10,10,1,1,22345.2,64800.0,0.0,0,1,10.0,0.0
133,2015-06-26 11:52:35.196,2015-06-26 11:52:35.196,3,3,1,1,207700.0,619836.0,0.0,0,1,3.0,0.0
134,2015-08-26 04:13:53.113,2015-08-26 04:13:53.113,1,1,1,0,0.0,0.0,0.0,0,1,1.0,0.0
135,2015-05-22 06:03:31.053,2015-05-22 06:03:31.053,16,16,1,1,38556.0,58320.0,0.5,0,1,16.0,0.0
136,2015-09-09 22:01:23.301,2015-09-09 22:01:23.301,5,5,1,1,20124.0,48000.0,0.0,0,1,5.0,0.0
137,2015-06-01 08:59:13.810,2015-06-01 08:59:13.810,14,14,1,1,36687.42857142857,55200.0,0.5,0,1,14.0,0.0
138,2015-08-09 01:11:40.393,2015-08-09 01:11:40.393,14,14,1,1,117660.0,208200.0,0.5,0,1,14.0,0.0
139,2015-08-04 21:47:34.143,2015-08-04 21:47:34.143,3,3,1,1,4520.0,9840.0,0.0,0,1,3.0,0.0
140,2015-09-04 19:56:52.448,2015-09-04 19:56:52.448,14,14,1,1,27411.428571428572,37680.0,0.5,0,1,14.0,0.0
141,2015-05-25 01:54:43.214,2015-05-25 01:54:43.214,20,20,1,1,57424.8,79800.0,0.5,0,1,20.0,0.0
142,2015-07-09 21:44:25.588,2015-07-10 15:11:15.195,16,16,1,1,8742.0,32280.0,0.5,0,1,16.0,0.0
143,2015-09-10 20:30:28.963,2015-09-10 20:30:28.963,1,1,1,0,0.0,0.0,0.0,0,1,1.0,0.0
144,2015-07-21 00:52:59.813,2015-07-21 00:52:59.813,1,1,1,0,0.0,0.0,0.0,0,1,1.0,0.0
145,2015-08-15 11:37:25.414,2015-08-15 11:37:25.414,3,3,1,1,15012.0,37800.0,0.0,0,1,3.0,0.0
146,2015-05-14 19:44:14.019,2015-05-14 19:44:14.019,1,1,1,0,0.0,0.0,0.0,0,1,1.0,0.0
147,2015-06-28 23:35:49.953,2015-06-28 23:35:49.953,4,4,1,1,86718.0,173424.0,0.5,0,1,4.0,0.0
148,2015-06-13 19:11:18.770,2015-06-13 19:11:18.770,10,10,1,1,33265.2,39840.0,1.0,0,1,10.0,0.0
149,2015-06-21 19:58:40.239,2015-06-21 20:22:07.434,2,2,1,0,0.0,0.0,0.0,0,1,2.0,0.0
150,2015-06-07 23:26:40.541,2015-06-07 23:34:06.863,52,38,2,1,47524.61538461538,71760.0,0.5,0,1,52.0,0.0
151,2015-06-17 10:26:41.968,2015-06-17 10:26:41.968,34,34,1,1,113007.10588235295,174480.0,0.5,0,1,34.0,0.0
152,2015-07-11 18:23:46.695,2015-07-11 18:23:46.695,16,16,1,1,44235.0,56280.0,1.0,0,1,16.0,0.0
153,2015-07-25 15:42:47.178,2015-07-25 15:42:47.178,26,26,1,1,329952.92307692306,466200.0,0.5,0,1,26.0,0.0
154,2015-05-30 02:11:53.843,2015-05-30 02:11:53.843,3,3,1,1,12404.0,36240.0,0.0,0,1,3.0,0.0
155,2015-08-13 04:11:43.687,2015-09-12 04:38:00.026,156,94,13,4,135064.20615384614,333960.0,0.5064102564102564,0,30,5.2,0.0
156,2015-09-10 04:36:09.815,2015-09-10 04:36:09.815,18,18,1,1,71773.33333333333,103320.0,0.5,0,1,18.0,0.0
157,2015-06-06 03:29:24.491,2015-06-06 03:29:24.491,1,1,1,1,111840.0,111840.0,0.0,0,1,1.0,0.0
158,2015-06-21 21:34:54.085,2015-06-21 21:35:52.305,13,13,2,1,97336.0,420096.0,0.5,0,1,13.0,0.0
159,2015-05-14 15:58:13.102,2015-05-14 15:58:13.102,4,4,1,1,45282.0,180360.0,0.0,0,1,4.0,0.0
160,2015-08-22 05:27:38.964,2015-08-22 05:27:38.964,3,3,1,1,10168.0,30444.0,0.0,0,1,3.0,0.0
161,2015-08-13 23:06:20.056,2015-08-13 23:06:20.056,4,4,1,1,2817855.0,11174400.0,1.0,0,1,4.0,0.0
162,2015-06-04 02:46:51.865,2015-08-27 06:25:13.802,36,36,5,2,245942.0,433320.0,0.6388888888888888,0,84,0.42857142857142855,0.0
163,2015-06-13 18:50:14.200,2015-06-20 13:41:31.501,7,7,2,2,14770.800000000001,59040.0,0.0,0,6,1.1666666666666667,0.0
164,2015-09-10 17:42:18.089,2015-09-15 18:00:04.696,36,36,2,1,429266.6666666667,578880.0,0.5,0,5,7.2,0.0
165,2015-05-09 23:05:53.994,2015-05-09 23:06:51.312,32,32,1,1,15757.5,22056.0,0.5,0,1,32.0,0.0
166,2015-06-06 04:14:45.284,2015-06-06 04:14:45.284,6,6,1,1,39272.12,225240.0,0.0,0,1,6.0,0.0
167,2015-08-18 15:22:14.595,2015-08-18 15:22:14.595,14,14,1,1,23417.14285714286,27240.0,0.5,0,1,14.0,0.0
168,2015-09-06 02:27:26.134,2015-09-06 02:27:26.134,14,14,1,1,154584.0,303240.0,0.5,0,1,14.0,0.0
169,2015-07-30 18:06:31.110,2015-07-30 18:07:30.204,44,44,3,1,133288.36363636365,183240.0,0.45454545454545453,0,1,44.0,0.0
170,2015-05-28 01:36:45.944,2015-05-29 13:20:15.924,6,6,1,1,11100.0,22080.0,0.0,0,1,6.0,0.0
171,2015-07-08 17:49:19.754,2015-07-08 17:49:19.754,10,10,1,1,244418.4,314640.0,0.5,0,1,10.0,0.0
172,2015-07-14 03:31:16.639,2015-08-15 01:29:01.686,619,517,22,2,44048.090761750405,157560.0,0.7844408427876823,1,31,19.967741935483872,0.0019342359767891683
173,2015-08-02 01:57:39.621,2015-08-02 01:57:39.621,2,2,1,1,480606204.0,961056528.0,0.0,0,1,2.0,0.0
174,2015-07-12 01:26:12.097,2015-07-12 01:26:12.097,6,6,1,1,37632.0,41388.0,0.5,0,1,6.0,0.0
175,2015-06-15 21:09:02.804,2015-06-15 21:09:02.804,2,2,1,1,30425592.0,60833304.0,0.0,0,1,2.0,0.0
176,2015-05-15 18:47:19.692,2015-05-15 18:47:19.692,3,3,1,1,7684.0,23016.0,0.0,0,1,3.0,0.0
177,2015-09-15 04:09:00.204,2015-09-15 04:12:44.039,9,6,1,1,21080.0,23760.0,1.0,0,1,9.0,0.0
178,2015-06-21 20:41:26.740,2015-07-02 03:45:03.865,14,14,1,1,28724.965714285714,199320.0,0.0,0,10,1.4,0.0
179,2015-06-30 07:45:20.775,2015-06-30 07:45:20.775,2,2,1,1,9012.0,18000.0,0.0,0,1,2.0,0.0
180,2015-05-18 18:12:55.799,2015-05-18 18:12:55.799,8,8,1,1,173140.02,1207392.0,1.0,0,1,8.0,0.0
181,2015-05-27 20:05:20.469,2015-05-27 20:08:50.745,2,2,1,0,0.0,0.0,0.0,0,1,2.0,0.0
182,2015-09-09 06:28:33.598,2015-09-09 06:28:33.598,1,1,1,1,27240.0,27240.0,0.0,0,1,1.0,0.0
183,2015-06-16 00:21:58.868,2015-06-16 00:21:58.868,2,2,1,2,18720.0,18720.0,0.0,0,1,2.0,0.0
184,2015-08-13 04:15:30.649,2015-08-13 04:16:08.101,10,10,2,1,24163172.4,241236012.0,0.8,0,1,10.0,0.0
185,2015-07-10 02:43:45.294,2015-07-10 02:43:45.294,1,1,1,0,0.0,0.0,0.0,0,1,1.0,0.0
186,2015-08-12 16:28:16.523,2015-08-12 22:59:32.345,24,12,1,2,40980.0,63000.0,1.0,1,1,24.0,0.08333333333333333
187,2015-05-15 02:15:25.627,2015-05-15 02:15:25.627,46,46,1,1,142237.76295652174,238800.0,0.5,0,1,46.0,0.0
188,2015-08-17 19:26:11.631,2015-08-17 19:26:11.631,24,24,1,1,73469.59999999999,130968.0,0.5,0,1,24.0,0.0
189,2015-05-27 16:05:38.434,2015-05-27 16:05:38.434,8,8,1,1,22554.45,161520.0,0.0,0,1,8.0,0.0
190,2015-08-11 20:19:35.924,2015-08-11 20:19:35.924,1,1,1,0,0.0,0.0,0.0,0,1,1.0,0.0
191,2015-06-10 21:20:32.366,2015-06-10 21:20:32.366,2,2,1,1,56640.0,61200.0,1.0,0,1,2.0,0.0
192,2015-09-02 04:13:46.121,2015-09-02 04:13:46.121,3,3,1,1,25592.0,45480.0,0.0,0,1,3.0,0.0
193,2015-05-10 02:27:43.643,2015-05-10 02:27:43.643,2,2,1,1,22026.0,44040.0,0.0,0,1,2.0,0.0
194,2015-05-22 13:23:47.424,2015-05-22 13:23:47.424,6,6,1,1,23065.2,70080.0,0.0,0,1,6.0,0.0
195,2015-06-05 17:28:27.146,2015-06-05 17:28:27.146,12,12,1,2,10300.0,13200.0,1.0,0,1,12.0,0.0
196,2015-06-30 04:25:32.196,2015-06-30 04:25:32.196,16,16,1,1,36441.0,47760.0,1.0,0,1,16.0,0.0
197,2015-05-22 04:07:45.012,2015-06-07 01:54:07.469,2,2,2,1,99000.0,99000.0,0.0,0,15,0.13333333333333333,0.0
198,2015-05-27 15:45:31.406,2015-05-27 15:45:31.406,1,1,1,1,307320.0,307320.0,0.0,0,1,1.0,0.0
199,2015-07-17 05:07:10.563,2015-07-17 05:07:10.563,1,1,1,0,0.0,0.0,0.0,0,1,1.0,0.0
200,2015-05-11 07:14:38.758,2015-05-11 07:14:38.758,1,1,1,0,0.0,0.0,0.0,0,1,1.0,0.0
201,2015-06-15 14:49:49.000,2015-06-15 14:49:49.000,4,4,1,1,25416.0,87372.0,1.0,0,1,4.0,0.0
202,2015-06-02 00:17:46.180,2015-06-02 00:17:46.180,30,30,1,1,43998.4,62760.0,0.5,0,1,30.0,0.0
203,2015-05-14 03:47:24.358,2015-05-14 03:47:24.358,1,1,1,0,0.0,0.0,0.0,0,1,1.0,0.0
204,2015-06-30 01:42:40.022,2015-06-30 01:42:40.022,22,22,1,1,357894.54545454547,483480.0,0.5,0,1,22.0,0.0
205,2015-07-06 00:14:55.895,2015-07-09 00:30:04.722,29,29,2,1,146158.72551724137,350040.0,0.3793103448275862,0,3,9.666666666666666,0.0
206,2015-07-01 21:00:31.421,2015-07-01 21:00:31.421,3,3,1,1,10640.0,30840.0,0.0,0,1,3.0,0.0
207,2015-07-17 19:35:24.653,2015-07-17 19:35:24.653,1,1,1,0,0.0,0.0,0.0,0,1,1.0,0.0
208,2015-05-21 16:17:15.253,2015-05-21 16:17:15.253,48,48,1,2,281410.0,479880.0,0.5,0,1,48.0,0.0
209,2015-06-21 16:45:13.313,2015-06-21 16:45:13.313,26,26,1,1,101337.78461538462,154680.0,0.5,0,1,26.0,0.0
210,2015-08-01 15:41:26.443,2015-08-01 15:41:26.443,1,1,1,0,0.0,0.0,0.0,0,1,1.0,0.0
211,2015-05-31 05:06:31.991,2015-05-31 05:06:31.991,1,1,1,1,11160.0,11160.0,0.0,0,1,1.0,0.0
212,2015-08-25 05:01:31.263,2015-08-25 05:02:52.703,8,8,1,1,65838.0,239160.0,0.0,0,1,8.0,0.0
213,2015-05-16 06:51:42.294,2015-05-16 06:51:53.897,20,20,2,1,31375.2,125520.0,0.5,0,1,20.0,0.0
214,2015-07-13 00:50:51.177,2015-07-13 00:50:51.177,12,12,1,1,83278.0,129480.0,0.5,0,1,12.0,0.0
215,2015-07-19 15:58:41.218,2015-07-19 15:58:41.218,5,5,1,1,18098.4,87600.0,0.0,0,1,5.0,0.0
216,2015-07-07 02:47:52.974,2015-07-07 02:53:19.142,52,52,2,2,108581.53846153847,125040.0,0.6153846153846154,0,1,52.0,0.0
217,2015-07-13 13:07:57.822,2015-07-13 13:07:57.822,2,2,1,1,34086.0,68160.0,0.0,0,1,2.0,0.0
218,2015-08-16 02:31:58.385,2015-08-16 02:31:58.385,12,12,1,1,146960.0,316560.0,0.5,0,1,12.0,0.0
219,2015-08-20 21:23:29.541,2015-08-20 21:24:31.123,10,10,1,1,13923.36,50616.0,0.0,0,1,10.0,0.0
220,2015-07-11 15:55:32.131,2015-07-11 15:55:32.131,4,4,1,2,2034.0,3840.0,0.0,0,1,4.0,0.0
221,2015-09-15 03:54:22.290,2015-09-15 03:54:22.290,12,12,1,1,20162.0,26760.0,0.5,0,1,12.0,0.0
222,2015-08-21 00:15:31.823,2015-08-21 00:15:31.823,2,2,1,1,23358.6,46680.0,0.0,0,1,2.0,0.0
223,2015-07-11 13:41:02.549,2015-07-11 13:41:02.549,10,10,1,1,30458.4,39480.0,0.5,0,1,10.0,0.0
224,2015-08-03 04:48:38.114,2015-08-03 05:31:31.945,180,180,3,1,34551.17333333333,56016.0,0.7,0,1,180.0,0.0
225,2015-06-22 18:00:09.284,2015-06-22 18:00:09.284,34,34,1,1,2239744.260705882,36025284.0,0.5,0,1,34.0,0.0
226,2015-09-01 02:01:36.196,2015-09-01 02:01:36.196,22,22,1,1,140660.72727272726,186960.0,0.5,0,1,22.0,0.0
227,2015-06-30 01:21:56.751,2015-06-30 01:22:15.509,2,2,1,0,0.0,0.0,0.0,0,1,2.0,0.0
228,2015-06-24 00:53:01.120,2015-06-24 00:53:01.120,8,8,1,1,291228.0,996792.0,0.5,0,1,8.0,0.0
229,2015-07-02 14:48:34.601,2015-07-02 14:48:34.601,2,2,1,1,170796.0,289032.0,1.0,0,1,2.0,0.0
230,2015-08-24 18:55:30.339,2015-08-24 18:56:10.628,21,21,2,1,187053.7142857143,238920.0,1.0,0,1,21.0,0.0
231,2015-07-17 16:49:33.001,2015-07-17 16:51:34.958,6,6,1,1,17240.0,27360.0,0.0,0,1,6.0,0.0
232,2015-05-28 18:23:38.972,2015-05-28 18:23:38.972,10,10,1,1,84043.2,145068.0,0.5,0,1,10.0,0.0
233,2015-09-16 19:59:47.836,2015-09-16 19:59:47.836,4,4,1,1,20706.0,29280.0,1.0,0,1,4.0,0.0
234,2015-08-20 16:43:46.616,2015-08-20 16:43:46.616,12,12,1,1,149362.0,794292.0,0.5,0,1,12.0,0.0
235,2015-05-27 02:01:54.991,2015-05-27 02:01:54.991,6,6,1,2,132704.0,385320.0,0.0,0,1,6.0,0.0
236,2015-05-23 21:33:23.875,2015-05-23 21:33:23.875,5,5,1,1,9710.4,31800.0,0.0,0,1,5.0,0.0
237,2015-07-23 03:42:18.752,2015-07-23 03:42:18.752,3,3,1,1,13270.0,24330.0,0.0,0,1,3.0,0.0
238,2015-09-04 23:56:28.378,2015-09-04 23:56:28.378,1,1,1,1,22848.0,22848.0,0.0,0,1,1.0,0.0
239,2015-05-13 20:38:17.704,2015-05-13 20:38:17.704,11,11,1,1,62952.06545454545,98880.0,1.0,0,1,11.0,0.0
240,2015-05-20 03:15:43.183,2015-05-20 03:15:43.183,24,24,1,1,275141.0,349080.0,0.5,0,1,24.0,0.0
241,2015-08-12 14:07:21.168,2015-08-12 14:07:21.168,1,1,1,1,6000.0,6000.0,0.0,0,1,1.0,0.0
242,2015-07-28 19:40:21.157,2015-07-28 19:40:21.157,3,3,1,1,214724.0,328080.0,0.0,0,1,3.0,0.0
243,2015-06-15 21:27:43.883,2015-06-15 21:27:43.883,14,14,1,1,29496.0,40080.0,0.5,0,1,14.0,0.0
244,2015-06-14 19:13:58.411,2015-06-14 19:13:58.411,2,2,1,1,8646.0,17280.0,0.0,0,1,2.0,0.0
245,2015-05-19 20:37:21.281,2015-08-14 22:55:08.970,2,2,2,0,0.0,0.0,0.0,0,87,0.022988505747126436,0.0
246,2015-07-03 16:52:36.814,2015-07-03 16:52:36.814,2,2,1,1,5550365460.0,11100720036.0,0.0,0,1,2.0,0.0
247,2015-06-16 02:14:54.936,2015-06-16 02:14:54.936,4,4,1,1,40548.0,152040.0,0.0,0,1,4.0,0.0
248,2015-08-31 01:49:02.616,2015-08-31 01:52:55.094,52,52,1,1,68116.61538461539,96720.0,1.0,0,1,52.0,0.0
249,2015-06-09 19:50:16.779,2015-06-09 19:50:16.779,1,1,1,0,0.0,0.0,0.0,0,1,1.0,0.0
250,2015-07-20 11:43:20.819,2015-07-20 11:43:20.819,3,3,1,3,92640.0,92640.0,0.0,0,1,3.0,0.0
251,2015-05-24 22:17:19.475,2015-07-25 19:51:50.760,4,4,2,2,240406113.0,961164228.0,0.0,0,61,0.06557377049180328,0.0
252,2015-08-20 22:05:50.909,2015-08-20 22:05:50.909,3,3,1,1,6532.0,15360.0,0.0,0,1,3.0,0.0
253,2015-05-18 12:13:15.242,2015-05-26 08:32:22.147,6,6,2,2,21706.0,84960.0,0.0,0,7,0.8571428571428571,0.0
254,2015-07-15 02:26:07.810,2015-07-15 02:26:56.478,32,32,2,1,312807.75,587880.0,0.5,0,1,32.0,0.0
255,2015-08-27 07:48:19.691,2015-08-27 07:49:07.215,48,48,1,2,47032.0,120720.0,0.5,0,1,48.0,0.0
256,2015-09-17 18:42:54.364,2015-09-17 18:42:54.364,24,24,1,1,15425.0,22440.0,0.5,0,1,24.0,0.0
257,2015-06-01 13:53:31.872,2015-06-01 13:53:31.872,1,1,1,0,0.0,0.0,0.0,0,1,1.0,0.0
258,2015-08-15 02:52:30.498,2015-08-15 02:58:24.929,9,9,3,1,43852.0,76800.0,0.8888888888888888,0,1,9.0,0.0
259,2015-08-30 15:27:55.332,2015-08-30 15:27:55.332,8,8,1,1,15750.0,18480.0,0.5,0,1,8.0,0.0
260,2015-07-30 21:01:02.206,2015-07-30 21:01:02.206,8,8,1,1,28072.5,35880.0,1.0,0,1,8.0,0.0
261,2015-06-03 17:09:01.622,2015-06-03 17:09:01.622,1,1,1,0,0.0,0.0,0.0,0,1,1.0,0.0
262,2015-08-17 04:10:57.128,2015-08-17 04:10:57.128,8,8,1,1,227736.0,307080.0,0.5,0,1,8.0,0.0
263,2015-05-14 23:44:05.124,2015-05-14 23:44:05.124,10,10,1,1,68098.8,131880.0,0.5,0,1,10.0,0.0
264,2015-09-07 17:09:12.830,2015-09-07 17:34:45.708,66,26,2,1,17146032.545454547,376404000.0,0.8181818181818182,1,1,66.0,0.038461538461538464
265,2015-09-08 02:21:44.062,2015-09-08 02:21:44.062,28,28,1,1,162744.0,238080.0,0.5,0,1,28.0,0.0
266,2015-07-03 15:10:57.727,2015-07-03 15:15:09.677,98,98,4,1,176005.4693877551,293520.0,0.5,0,1,98.0,0.0
267,2015-08-12 00:43:16.534,2015-08-12 00:43:16.534,8,8,1,1,15448.5,21720.0,1.0,0,1,8.0,0.0
268,2015-06-01 05:52:46.906,2015-06-01 05:53:17.517,18,18,2,1,25282.946666666667,239880.0,0.0,0,1,18.0,0.0
269,2015-05-04 20:39:22.007,2015-05-04 20:39:22.007,1,1,1,1,6360.0,6360.0,0.0,0,1,1.0,0.0
270,2015-07-28 02:18:05.230,2015-08-03 15:11:03.160,39,39,1,1,32440.0,95880.0,0.0,0,6,6.5,0.0
271,2015-09-15 16:31:24.654,2015-09-15 16:31:24.654,13,13,1,1,20943.82153846154,267120.0,0.0,0,1,13.0,0.0
272,2015-05-13 00:40:03.566,2015-05-13 00:41:12.457,6,6,1,1,101280.0,280320.0,0.0,0,1,6.0,0.0
273,2015-08-18 17:37:39.582,2015-08-18 17:37:39.582,1,1,1,1,78360.0,78360.0,0.0,0,1,1.0,0.0
274,2015-08-12 21:29:47.404,2015-08-12 21:29:47.404,1,1,1,1,53520.0,53520.0,0.0,0,1,1.0,0.0
275,2015-08-03 15:13:15.832,2015-08-03 15:13:15.832,6,6,1,1,274600.0,282360.0,0.5,0,1,6.0,0.0
276,2015-08-09 14:34:11.314,2015-08-09 14:34:11.314,2,2,1,1,8466.0,16920.0,0.0,0,1,2.0,0.0
277,2015-08-23 15:47:21.482,2015-08-23 15:47:21.482,3,3,1,3,108960.0,108960.0,0.0,0,1,3.0,0.0
278,2015-05-15 20:53:23.824,2015-09-13 18:34:42.851,15,15,3,3,558345.6,2787960.0,0.3333333333333333,0,120,0.125,0.0
279,2015-06-24 18:30:16.824,2015-06-24 18:30:16.824,10,10,1,1,236896.8,1015212.0,0.5,0,1,10.0,0.0
280,2015-08-20 13:14:45.131,2015-08-20 13:14:45.131,8,8,1,1,80385.0,120000.0,0.5,0,1,8.0,0.0
281,2015-07-25 15:30:01.619,2015-07-25 15:30:01.619,4,4,1,1,41424.0,102000.0,0.0,0,1,4.0,0.0
282,2015-06-16 20:16:12.269,2015-06-16 20:16:12.269,4,4,1,1,13020.0,15360.0,0.5,0,1,4.0,0.0
283,2015-06-03 03:39:08.968,2015-06-03 03:39:08.968,1,1,1,0,0.0,0.0,0.0,0,1,1.0,0.0
284,2015-09-11 17:55:30.299,2015-09-11 17:55:30.299,2,2,1,1,69720.0,69720.0,0.5,0,1,2.0,0.0
285,2015-09-14 00:21:36.484,2015-09-14 00:21:36.484,20,20,1,1,66043.2,86280.0,0.5,0,1,20.0,0.0
286,2015-07-10 22:32:23.431,2015-07-10 22:32:23.431,1,1,1,0,0.0,0.0,0.0,0,1,1.0,0.0
287,2015-08-28 03:38:10.887,2015-08-28 03:39:20.194,66,66,2,1,195391.67636363636,430440.0,0.6363636363636364,0,1,66.0,0.0
288,2015-08-31 19:50:58.582,2015-08-31 19:50:58.582,1,1,1,1,154440.0,154440.0,0.0,0,1,1.0,0.0
289,2015-07-10 20:28:25.931,2015-07-10 20:28:25.931,3,3,1,1,61988.0,175080.0,0.0,0,1,3.0,0.0
290,2015-07-04 01:00:14.631,2015-07-04 01:00:14.631,3,3,1,1,79040.0,213600.0,0.0,0,1,3.0,0.0
291,2015-06-18 03:03:54.567,2015-06-18 03:03:54.567,8,8,1,1,57240.0,61920.0,0.5,0,1,8.0,0.0
292,2015-05-15 03:18:34.265,2015-05-15 03:48:08.971,8,8,1,1,4430.31,17280.0,0.0,0,1,8.0,0.0
293,2015-07-26 03:28:31.952,2015-07-26 03:28:31.952,1,1,1,0,0.0,0.0,0.0,0,1,1.0,0.0
294,2015-07-16 20:44:02.193,2015-07-16 20:44:02.193,18,18,1,1,38746.666666666664,57120.0,0.5,0,1,18.0,0.0
295,2015-07-16 22:56:09.078,2015-08-19 16:22:39.016,38,38,2,2,115750.94526315789,205200.0,0.5,0,33,1.1515151515151516,0.0
296,2015-07-26 23:03:52.443,2015-07-26 23:08:51.000,28,28,2,1,35820.0,55680.0,0.5,0,1,28.0,0.0
297,2015-05-23 19:27:07.397,2015-05-23 19:27:07.397,3,3,1,1,10732.0,26160.0,0.0,0,1,3.0,0.0
298,2015-07-24 15:28:13.767,2015-08-06 22:28:18.323,19,19,3,2,93454.6105263158,779160.0,0.0,0,13,1.4615384615384615,0.0
299,2015-05-26 15:11:03.031,2015-06-23 15:35:39.814,46,32,3,1,298922.347826087,663120.0,0.4782608695652174,0,28,1.6428571428571428,0.0
300,2015-08-01 02:29:30.902,2015-08-01 02:29:30.902,14,14,1,1,13148.57142857143,23160.0,0.5,0,1,14.0,0.0
301,2015-06-10 21:04:18.505,2015-06-10 21:08:46.492,2,2,2,0,0.0,0.0,0.0,0,1,2.0,0.0
302,2015-05-05 23:00:02.934,2015-05-05 23:00:50.661,48,24,1,1,113683.5,156240.0,0.5,0,1,48.0,0.0
303,2015-05-14 23:39:52.348,2015-05-14 23:39:52.348,5,5,1,1,21309.6,22320.0,1.0,0,1,5.0,0.0
304,2015-09-15 00:30:09.312,2015-09-15 00:30:09.312,1,1,1,1,176160.0,176160.0,0.0,0,1,1.0,0.0
305,2015-07-07 06:27:19.354,2015-07-07 06:27:19.354,1,1,1,0,0.0,0.0,0.0,0,1,1.0,0.0
306,2015-07-04 08:55:22.469,2015-07-04 08:58:00.548,49,49,6,1,46373.38775510204,112056.0,0.5714285714285714,0,1,49.0,0.0
307,2015-07-04 03:58:23.184,2015-07-04 03:58:55.299,56,56,1,1,328315.32857142854,822120.0,0.5,0,1,56.0,0.0
308,2015-08-31 14:24:41.380,2015-08-31 14:24:41.380,16,16,1,2,24693.0,49800.0,1.0,0,1,16.0,0.0
309,2015-07-15 16:43:45.744,2015-07-15 16:43:45.744,5,5,1,1,77856.95999999999,357960.0,0.0,0,1,5.0,0.0
310,2015-05-04 21:05:06.053,2015-05-04 21:05:06.053,8,8,1,1,227736.0,307080.0,0.5,0,1,8.0,0.0
311,2015-07-26 20:00:34.970,2015-07-26 20:00:34.970,5,5,1,1,31629.6,145560.0,0.0,0,1,5.0,0.0
312,2015-05-25 00:24:32.840,2015-05-25 00:24:32.840,2,2,1,1,31680.0,31680.0,0.5,0,1,2.0,0.0
313,2015-07-06 21:30:16.103,2015-07-06 21:30:16.103,1,1,1,1,65640.0,65640.0,0.0,0,1,1.0,0.0
314,2015-05-14 20:07:14.849,2015-05-14 20:07:14.849,8,8,1,1,95430.0,136320.0,0.5,0,1,8.0,0.0
315,2015-09-08 17:11:20.736,2015-09-08 17:11:20.736,42,42,1,1,92273.4857142857,135120.0,0.5,0,1,42.0,0.0
316,2015-08-03 14:18:36.373,2015-08-03 14:18:36.373,16,16,1,1,91335.0,102240.0,0.5,0,1,16.0,0.0
317,2015-07-29 17:58:47.306,2015-07-29 17:59:52.015,122,122,2,1,79139.2131147541,131640.0,0.6721311475409836,0,1,122.0,0.0
318,2015-06-29 19:47:43.507,2015-06-29 20:03:45.080,252,208,7,2,91332.19047619047,293040.0,0.5317460317460317,0,1,252.0,0.0
319,2015-06-07 17:13:11.924,2015-06-07 17:13:21.288,25,25,2,1,19784.976000000002,28800.0,0.44,0,1,25.0,0.0
320,2015-08-01 07:26:30.623,2015-08-01 07:26:30.623,2,2,1,1,71535.0,143040.0,0.0,0,1,2.0,0.0
321,2015-07-15 20:12:00.977,2015-07-15 20:12:00.977,1,1,1,0,0.0,0.0,0.0,0,1,1.0,0.0
322,2015-05-13 14:36:45.456,2015-05-13 14:36:45.456,8,8,1,1,29550.0,33000.0,0.5,0,1,8.0,0.0
323,2015-07-27 00:31:03.533,2015-07-27 00:31:03.533,4,4,1,1,99801.3,142560.0,0.0,0,1,4.0,0.0
324,2015-08-18 15:53:56.948,2015-08-18 15:53:56.948,22,22,1,1,44263.63636363636,59280.0,0.5,0,1,22.0,0.0
325,2015-07-13 14:36:20.806,2015-07-13 14:36:20.806,2,2,1,1,4140.0,8040.0,0.0,0,1,2.0,0.0
326,2015-06-06 18:56:18.813,2015-06-06 18:56:18.813,4,4,1,1,18939.0,52080.0,0.0,0,1,4.0,0.0
327,2015-06-05 13:32:18.964,2015-06-05 13:32:18.964,1,1,1,0,0.0,0.0,0.0,0,1,1.0,0.0
328,2015-09-10 16:06:57.959,2015-09-10 16:06:57.959,2,2,1,1,170112.0,340200.0,0.0,0,1,2.0,0.0
329,2015-06-18 00:02:12.432,2015-08-04 20:46:42.317,6,6,3,2,6306.0,9600.0,0.6666666666666666,0,47,0.1276595744680851,0.0
330,2015-06-18 18:29:52.636,2015-06-18 18:29:52.636,1,1,1,0,0.0,0.0,0.0,0,1,1.0,0.0
331,2015-08-25 19:05:09.070,2015-08-25 19:05:09.070,1,1,1,0,0.0,0.0,0.0,0,1,1.0,0.0
332,2015-07-21 02:42:54.401,2015-07-21 02:42:54.401,22,22,1,1,175409.45454545456,210840.0,0.5,0,1,22.0,0.0
333,2015-05-24 14:19:49.082,2015-05-24 15:32:23.079,3,3,1,0,0.0,0.0,0.0,0,1,3.0,0.0
334,2015-08-25 05:00:12.996,2015-08-25 05:00:12.996,3,3,1,1,15164.0,44640.0,0.0,0,1,3.0,0.0
335,2015-08-15 21:26:45.272,2015-08-15 21:26:45.272,9,9,1,1,62206.666666666664,84000.0,1.0,0,1,9.0,0.0
336,2015-08-01 00:10:11.733,2015-08-01 00:10:11.733,44,44,1,1,35515.09090909091,55680.0,0.5,0,1,44.0,0.0
337,2015-05-09 05:05:08.264,2015-06-01 20:51:28.551,8,8,1,2,34800.0,65400.0,0.0,0,23,0.34782608695652173,0.0
338,2015-08-24 22:44:02.983,2015-08-24 22:44:02.983,1,1,1,0,0.0,0.0,0.0,0,1,1.0,0.0
339,2015-08-19 21:38:21.023,2015-08-19 21:38:21.023,2,2,1,1,19800.0,25200.0,0.0,0,1,2.0,0.0
340,2015-08-21 20:20:37.419,2015-08-21 20:20:37.419,6,6,1,1,296780.0,853968.0,0.5,0,1,6.0,0.0
341,2015-05-16 23:15:03.985,2015-08-02 15:35:20.301,13,13,5,3,650367.0,6610008.0,0.3333333333333333,0,77,0.16883116883116883,0.0
342,2015-07-02 14:13:14.125,2015-07-10 13:01:43.347,4,4,1,1,34659.0,69240.0,0.0,0,7,0.5714285714285714,0.0
343,2015-06-25 20:20:28.653,2015-06-25 20:20:28.653,1,1,1,0,0.0,0.0,0.0,0,1,1.0,0.0
344,2015-08-19 03:54:28.407,2015-08-19 04:45:26.638,36,36,3,1,11666.666666666666,13452.0,0.5,0,1,36.0,0.0
345,2015-05-15 18:02:08.088,2015-05-15 18:02:08.088,6,6,1,1,38728.0,40680.0,0.5,0,1,6.0,0.0
346,2015-06-24 00:15:30.698,2015-06-24 00:15:30.698,2,2,1,1,6180.0,12240.0,0.0,0,1,2.0,0.0
347,2015-07-17 02:22:37.807,2015-07-17 02:22:37.807,4,4,1,1,177678.0,697320.0,0.0,0,1,4.0,0.0
348,2015-07-08 01:10:06.057,2015-07-08 01:10:06.057,6,6,1,1,61630.0,77400.0,1.0,0,1,6.0,0.0
349,2015-06-13 02:22:33.326,2015-06-13 02:22:33.326,1,1,1,0,0.0,0.0,0.0,0,1,1.0,0.0
350,2015-08-23 21:39:30.932,2015-08-23 21:40:56.883,43,43,2,1,37921.841860465116,61680.0,0.6511627906976745,0,1,43.0,0.0
351,2015-09-14 07:11:03.591,2015-09-14 07:32:56.785,120,120,14,1,61501.7,158040.0,0.625,0,1,120.0,0.0
352,2015-09-03 00:50:21.890,2015-09-03 00:50:21.890,2,2,1,1,22092.0,44040.0,0.0,0,1,2.0,0.0
353,2015-07-17 21:00:05.416,2015-07-17 21:01:42.967,28,28,3,2,161974.2857142857,1620780.0,0.5,0,1,28.0,0.0
354,2015-06-14 18:43:08.528,2015-06-14 18:43:08.528,6,6,1,1,10373.0,30960.0,0.5,0,1,6.0,0.0
355,2015-08-19 21:02:38.726,2015-08-19 21:02:38.726,7,7,1,1,72037.71428571429,420960.0,1.0,0,1,7.0,0.0
356,2015-07-07 17:34:03.176,2015-07-07 17:34:03.176,10,10,1,1,260856.0,443880.0,0.5,0,1,10.0,0.0
357,2015-07-21 19:03:02.966,2015-07-21 19:04:06.074,47,47,3,1,23458.08510638298,59760.0,0.5957446808510638,0,1,47.0,0.0
358,2015-05-24 23:02:24.856,2015-05-24 23:05:09.252,113,113,5,1,287335.4336283186,842280.0,0.6637168141592921,0,1,113.0,0.0
359,2015-09-02 00:06:52.886,2015-09-02 00:06:52.886,15,15,1,1,378262.4,546600.0,1.0,0,1,15.0,0.0
360,2015-06-24 19:42:55.355,2015-06-24 19:42:55.355,1,1,1,1,4680.0,4680.0,0.0,0,1,1.0,0.0
361,2015-07-26 22:54:29.939,2015-07-26 22:54:29.939,3,3,1,1,120500.0,132360.0,1.0,0,1,3.0,0.0
362,2015-05-21 01:19:53.560,2015-05-21 01:19:53.560,12,12,1,1,377860.0,1132200.0,0.5,0,1,12.0,0.0
363,2015-07-07 22:11:22.027,2015-07-20 18:03:48.150,110,88,1,1,146782.9090909091,172080.0,0.5,0,12,9.166666666666666,0.0
364,2015-07-04 06:41:46.582,2015-07-04 06:41:46.582,1,1,1,0,0.0,0.0,0.0,0,1,1.0,0.0
365,2015-08-18 19:26:51.017,2015-08-18 19:26:51.017,5,5,1,1,291108.0,1440012.0,1.0,0,1,5.0,0.0
366,2015-08-21 22:25:05.288,2015-08-21 22:25:05.288,2,2,1,1,7206.0,14400.0,0.0,0,1,2.0,0.0
367,2015-06-09 22:59:47.515,2015-06-09 22:59:47.515,2,2,1,1,72780.0,142680.0,0.0,0,1,2.0,0.0
368,2015-08-13 01:40:15.642,2015-08-13 01:40:15.642,1,1,1,1,52800.0,52800.0,0.0,0,1,1.0,0.0
369,2015-05-22 21:41:30.629,2015-05-22 21:41:30.629,16,16,1,1,150909.0,246960.0,0.5,0,1,16.0,0.0
370,2015-07-08 18:59:53.882,2015-07-08 19:02:21.620,10,10,2,1,398932.8,812640.0,0.5,0,1,10.0,0.0
371,2015-07-21 18:40:24.243,2015-07-21 18:40:24.243,4,4,1,1,11877.0,24000.0,0.0,0,1,4.0,0.0
372,2015-09-12 08:02:38.891,2015-09-12 08:02:38.891,1,1,1,0,0.0,0.0,0.0,0,1,1.0,0.0
373,2015-07-17 10:16:57.610,2015-07-17 10:16:57.610,2,2,1,1,272604.0,522288.0,0.0,0,1,2.0,0.0
374,2015-09-04 04:24:33.543,2015-09-04 04:52:21.230,18,18,3,2,135932.0,284280.0,0.5555555555555556,0,1,18.0,0.0
375,2015-07-06 00:21:49.132,2015-07-06 00:22:16.473,20,20,1,1,1282668.0,6340932.0,0.5,0,1,20.0,0.0
376,2015-07-15 22:00:32.728,2015-07-15 22:00:32.728,1,1,1,0,0.0,0.0,0.0,0,1,1.0,0.0
377,2015-08-23 16:08:07.620,2015-08-23 16:08:07.620,1,1,1,1,71160.0,71160.0,0.0,0,1,1.0,0.0
378,2015-08-16 19:39:11.248,2015-08-16 19:39:11.248,3,3,1,1,18165.2,46800.0,0.0,0,1,3.0,0.0
379,2015-08-16 15:00:08.265,2015-08-16 15:03:36.329,66,38,2,1,269555.2727272727,389880.0,0.9242424242424242,0,1,66.0,0.0
380,2015-05-14 13:15:45.155,2015-05-14 13:15:45.155,26,26,1,1,54882799.01538462,712942548.0,0.5,0,1,26.0,0.0
381,2015-06-04 19:41:56.588,2015-06-04 19:43:02.919,34,34,2,2,118876.94117647059,263880.0,0.5,0,1,34.0,0.0
382,2015-07-24 05:57:56.012,2015-07-24 05:57:56.012,6,6,1,1,33880.0,89160.0,0.0,0,1,6.0,0.0
383,2015-05-04 15:45:39.807,2015-05-04 15:53:24.115,14,14,8,1,27411.428571428572,31560.0,1.0,0,1,14.0,0.0
384,2015-06-08 19:31:22.468,2015-06-08 19:31:22.468,4,4,1,1,39654.0,148296.0,0.0,0,1,4.0,0.0
385,2015-05-03 05:36:01.994,2015-05-03 05:36:01.994,18,18,1,1,125533.33333333333,169800.0,0.5,0,1,18.0,0.0
386,2015-08-03 01:03:03.812,2015-08-03 01:03:03.812,1,1,1,1,150480.0,150480.0,0.0,0,1,1.0,0.0
387,2015-07-05 04:48:47.512,2015-07-05 05:05:50.063,6,6,4,0,0.0,0.0,0.0,0,1,6.0,0.0
388,2015-05-28 03:52:00.660,2015-05-28 03:52:00.660,4,4,1,1,24970.5,64800.0,0.0,0,1,4.0,0.0
389,2015-08-15 22:08:56.113,2015-08-15 22:08:56.113,1,1,1,0,0.0,0.0,0.0,0,1,1.0,0.0
390,2015-08-30 14:47:15.722,2015-08-30 14:47:15.722,4,4,1,1,9750.0,28320.0,0.0,0,1,4.0,0.0
391,2015-09-06 18:16:48.441,2015-09-06 18:40:37.687,22,22,2,1,21914846.181818184,240180060.0,1.0,0,1,22.0,0.0
392,2015-06-26 13:08:58.703,2015-06-26 13:08:58.703,5,5,1,1,51220.8,219120.0,0.0,0,1,5.0,0.0
393,2015-05-12 12:57:20.625,2015-05-12 12:57:20.625,1,1,1,0,0.0,0.0,0.0,0,1,1.0,0.0
394,2015-08-13 20:11:45.995,2015-08-13 20:11:45.995,4,4,1,1,29433.0,117000.0,0.0,0,1,4.0,0.0
395,2015-09-09 09:32:36.783,2015-09-09 09:32:36.783,3,3,1,3,110400.0,110400.0,0.0,0,1,3.0,0.0
396,2015-06-16 17:55:20.047,2015-06-16 21:55:08.140,8,8,1,1,64494.0,240600.0,0.0,0,1,8.0,0.0
397,2015-07-30 17:16:52.752,2015-07-30 17:16:52.752,24,24,1,2,31221.2,43980.0,0.5,0,1,24.0,0.0
398,2015-08-10 15:20:51.667,2015-08-10 15:20:51.667,1,1,1,1,17160.0,17160.0,0.0,0,1,1.0,0.0
399,2015-08-02 01:44:04.336,2015-08-03 23:13:33.154,28,28,2,1,100748.33571428571,150720.0,1.0,0,1,28.0,0.0
400,2015-05-31 19:50:49.419,2015-05-31 19:50:49.419,3,3,1,1,28176.0,84480.0,0.0,0,1,3.0,0.0
401,2015-05-13 02:30:06.630,2015-05-13 02:30:06.630,1,1,1,1,19080.0,19080.0,0.0,0,1,1.0,0.0
402,2015-05-19 23:55:54.074,2015-05-19 23:55:54.074,22,22,1,1,178636.36363636365,220920.0,0.5,0,1,22.0,0.0
403,2015-08-01 01:39:14.362,2015-08-01 01:39:14.362,4,4,1,2,6870.0,13440.0,0.0,0,1,4.0,0.0
404,2015-07-02 07:02:36.917,2015-07-02 07:02:36.917,1,1,1,0,0.0,0.0,0.0,0,1,1.0,0.0
405,2015-07-01 23:49:23.471,2015-07-01 23:49:23.471,2,2,1,1,25644.0,51240.0,0.0,0,1,2.0,0.0
406,2015-09-05 19:56:38.704,2015-09-05 19:56:38.704,1,1,1,0,0.0,0.0,0.0,0,1,1.0,0.0
407,2015-07-30 03:20:21.306,2015-07-30 03:40:53.432,4,4,1,1,21300.0,42240.0,0.0,0,1,4.0,0.0
408,2015-07-08 20:32:49.394,2015-07-08 20:32:49.394,3,3,1,1,7604.0,22440.0,0.0,0,1,3.0,0.0
409,2015-05-22 18:19:03.827,2015-05-22 18:19:03.827,1,1,1,0,0.0,0.0,0.0,0,1,1.0,0.0
410,2015-09-04 17:41:01.443,2015-09-04 17:44:42.081,49,49,3,1,333080.32653061225,447240.0,0.7551020408163265,0,1,49.0,0.0
411,2015-06-24 18:10:38.102,2015-06-24 18:16:58.933,43,43,5,2,1005640617.7674419,21620473560.0,0.7441860465116279,0,1,43.0,0.0
412,2015-07-17 18:39:58.873,2015-07-17 18:39:58.873,1,1,1,0,0.0,0.0,0.0,0,1,1.0,0.0
413,2015-07-13 02:39:52.925,2015-07-20 05:41:27.680,36,36,4,2,16067.088000000002,119760.0,0.6388888888888888,0,7,5.142857142857143,0.0
414,2015-08-26 21:13:49.734,2015-08-26 21:13:49.734,10,10,1,1,67204.8,311880.0,0.5,0,1,10.0,0.0
415,2015-07-30 19:47:44.565,2015-07-30 19:47:44.565,6,6,1,1,11473838.0,68808000.0,1.0,0,1,6.0,0.0
416,2015-05-15 04:10:01.735,2015-05-15 04:19:30.663,64,48,1,1,18208.5,28080.0,0.5,0,1,64.0,0.0
417,2015-07-17 17:30:21.397,2015-07-17 17:30:21.397,3,3,1,1,35748.0,107160.0,0.0,0,1,3.0,0.0
418,2015-07-29 14:39:27.553,2015-07-29 14:39:27.553,12,12,1,1,84460.0,97440.0,1.0,0,1,12.0,0.0
419,2015-07-29 02:57:46.756,2015-07-29 05:03:12.695,66,34,3,1,17463.3,26400.0,0.5,1,1,66.0,0.029411764705882353
420,2015-06-23 04:41:14.441,2015-06-23 05:04:42.634,146,67,8,1,10048.684931506848,15360.0,0.7054794520547946,0,1,146.0,0.0
421,2015-05-23 17:15:36.009,2015-05-23 17:15:36.009,12,12,1,1,67240.0,95880.0,0.5,0,1,12.0,0.0
422,2015-09-11 22:11:16.824,2015-09-11 22:11:16.824,6,6,1,2,3008.0,8760.0,0.0,0,1,6.0,0.0
423,2015-05-06 01:44:46.686,2015-05-06 01:44:46.686,10,10,1,1,247634.4,419880.0,0.5,0,1,10.0,0.0
424,2015-05-27 17:33:59.239,2015-05-27 17:33:59.239,4,4,1,1,18903.0,65760.0,0.0,0,1,4.0,0.0
425,2015-08-18 18:29:50.521,2015-09-03 03:55:19.510,2,2,1,0,0.0,0.0,0.0,0,15,0.13333333333333333,0.0
426,2015-06-27 16:20:38.002,2015-06-27 16:32:39.678,19,19,2,1,84963.33333333333,116280.0,1.0,0,1,19.0,0.0
427,2015-08-27 20:20:55.933,2015-08-27 20:20:55.933,3,3,1,1,61654.48,184536.24,0.0,0,1,3.0,0.0
428,2015-05-15 05:49:10.314,2015-05-15 05:49:10.314,1,1,1,0,0.0,0.0,0.0,0,1,1.0,0.0
429,2015-09-07 13:50:14.267,2015-09-07 18:00:55.629,6,6,1,1,20820.0,39600.0,1.0,0,1,6.0,0.0
430,2015-09-05 23:32:30.056,2015-09-05 23:32:30.056,3,3,1,1,40208.0,97320.0,0.0,0,1,3.0,0.0
431,2015-08-28 21:48:53.509,2015-08-28 21:48:53.509,1,1,1,1,8760.0,8760.0,0.0,0,1,1.0,0.0
432,2015-06-29 02:47:41.469,2015-06-29 02:48:10.989,20,20,1,1,43872.0,47880.0,0.5,0,1,20.0,0.0
433,2015-07-29 17:12:00.432,2015-07-29 17:12:00.432,5,5,1,1,731323.2,3557916.0,0.0,0,1,5.0,0.0
434,2015-08-16 20:41:24.484,2015-08-16 20:41:24.484,22,22,1,1,44263.63636363636,59280.0,0.5,0,1,22.0,0.0
435,2015-08-16 22:24:10.156,2015-08-16 22:24:10.156,22,22,1,1,90067.63636363637,176760.0,0.5,0,1,22.0,0.0
436,2015-06-17 05:38:43.221,2015-06-17 05:40:50.076,18,18,2,2,907278.6666666666,8009064.0,0.5,0,1,18.0,0.0
437,2015-06-02 16:44:51.935,2015-06-02 16:44:51.935,8,8,1,1,51900.0,55680.0,1.0,0,1,8.0,0.0
438,2015-06-22 05:57:45.659,2015-06-22 05:57:45.659,10,10,1,1,37711.2,65400.0,1.0,0,1,10.0,0.0
439,2015-07-04 04:04:00.351,2015-07-04 04:04:00.351,2,2,1,1,141552.0,283080.0,0.0,0,1,2.0,0.0
440,2015-06-28 03:10:41.661,2015-06-28 03:10:41.661,20,20,1,1,46496.4,60840.0,0.5,0,1,20.0,0.0
441,2015-06-11 04:33:28.691,2015-06-11 04:33:28.691,3,3,1,1,5964.0,17520.0,0.0,0,1,3.0,0.0
442,2015-05-08 14:20:50.711,2015-05-08 14:20:50.711,11,11,1,1,186246.54545454544,302640.0,1.0,0,1,11.0,0.0
443,2015-07-18 20:20:40.277,2015-07-18 20:20:40.277,6,6,1,1,40236.0,48048.0,0.5,0,1,6.0,0.0
444,2015-06-17 16:25:00.540,2015-06-17 16:51:19.207,42,42,1,1,325666.28571428574,431880.0,0.5,0,1,42.0,0.0
445,2015-08-07 18:08:50.634,2015-08-07 18:08:50.634,26,26,1,1,174228.0,226800.0,0.5,0,1,26.0,0.0
446,2015-07-20 20:13:50.267,2015-07-20 20:13:50.267,3,3,1,1,1204756.4000000001,3614160.0,0.0,0,1,3.0,0.0
447,2015-07-03 22:08:05.036,2015-07-03 22:08:05.036,1,1,1,0,0.0,0.0,0.0,0,1,1.0,0.0
448,2015-08-12 16:52:41.089,2015-08-12 16:52:41.089,4,4,1,1,14911.2,57120.0,0.0,0,1,4.0,0.0
449,2015-08-02 20:54:36.755,2015-08-02 20:56:45.400,29,29,2,1,62126.57142857143,94680.0,0.5,0,1,29.0,0.0
450,2015-05-05 22:27:06.683,2015-05-05 22:27:06.683,4,4,1,1,24130.5,64800.0,0.0,0,1,4.0,0.0
451,2015-07-02 04:01:59.977,2015-07-02 04:05:37.319,20,20,2,1,253900.8,497760.0,0.5,0,1,20.0,0.0
452,2015-06-14 00:26:28.276,2015-06-14 00:26:28.276,26,26,1,1,21760.615384615383,28440.0,0.5,0,1,26.0,0.0
453,2015-07-27 02:58:10.935,2015-07-27 02:58:10.935,10,10,1,1,71257961.544,712422660.0,0.0,0,1,10.0,0.0
454,2015-06-05 03:52:13.575,2015-06-10 00:01:54.488,32,32,1,1,17384.58,34894.32,0.0,0,4,8.0,0.0
455,2015-05-21 03:25:38.824,2015-05-21 03:25:38.824,12,12,1,1,4001988362312.0,24011929544880.0,0.5,0,1,12.0,0.0
456,2015-05-17 14:12:34.734,2015-05-17 14:12:34.734,4,4,1,2,7593.6,15000.0,0.0,0,1,4.0,0.0
457,2015-08-24 20:12:45.745,2015-08-24 20:12:45.745,4,4,1,2,14340.0,28320.0,0.0,0,1,4.0,0.0
458,2015-06-02 00:57:15.665,2015-06-02 00:59:31.686,4,4,1,1,480798684.0,961086288.0,0.0,0,1,4.0,0.0
459,2015-08-05 05:42:01.886,2015-08-05 05:42:01.886,12,12,1,1,39354.06,461760.0,0.0,0,1,12.0,0.0
460,2015-09-12 04:08:48.649,2015-09-12 04:08:48.649,4,4,1,1,11013.0,25680.0,0.0,0,1,4.0,0.0
461,2015-09-08 16:51:08.055,2015-09-08 16:51:09.992,4,4,1,1,84486.0,168960.0,0.0,0,1,4.0,0.0
462,2015-08-30 06:23:18.543,2015-08-30 06:23:18.543,3,3,1,1,91576.40000000001,257880.0,0.0,0,1,3.0,0.0
463,2015-08-25 20:49:59.195,2015-08-25 20:49:59.195,3,3,1,1,7196.0,21120.0,0.0,0,1,3.0,0.0
464,2015-08-10 03:25:41.908,2015-08-10 03:26:33.312,26,26,2,1,44757.230769230766,119880.0,0.5,0,1,26.0,0.0
465,2015-08-09 01:18:07.298,2015-08-09 01:18:07.298,4,4,1,1,14225.4,45720.0,0.0,0,1,4.0,0.0
466,2015-05-31 00:04:49.361,2015-05-31 00:04:49.361,8,8,1,1,25782.0,34080.0,0.5,0,1,8.0,0.0
467,2015-07-05 00:55:36.431,2015-07-05 00:55:36.431,1,1,1,0,0.0,0.0,0.0,0,1,1.0,0.0
468,2015-07-15 02:11:28.634,2015-07-15 02:11:59.054,12,12,2,1,598599.2999999999,6976800.0,0.5,0,1,12.0,0.0
469,2015-08-04 18:29:55.258,2015-08-04 21:02:10.134,72,72,2,2,303663177.3333333,6855486900.0,0.5,0,1,72.0,0.0
470,2015-07-23 18:21:39.566,2015-07-23 18:21:39.566,18,18,1,1,229808.0,323880.0,0.5,0,1,18.0,0.0
471,2015-08-25 20:15:16.600,2015-08-25 20:15:16.600,26,26,1,1,31288.338461538464,42240.0,0.5,0,1,26.0,0.0
472,2015-06-03 16:57:34.280,2015-06-03 16:57:34.280,3,3,1,1,6098.8,18240.0,0.0,0,1,3.0,0.0
473,2015-05-15 22:55:46.425,2015-05-15 22:55:46.425,4,4,1,1,31237.5,86400.0,0.0,0,1,4.0,0.0
474,2015-07-06 01:38:35.928,2015-08-01 04:42:41.031,18,18,2,1,41548.091,67680.0,0.6666666666666666,0,26,0.6923076923076923,0.0
475,2015-08-19 00:31:15.024,2015-08-19 00:32:10.719,28,28,2,1,179921.14285714287,244560.0,0.5,0,1,28.0,0.0
476,2015-06-03 00:54:11.595,2015-06-03 00:54:11.595,1,1,1,0,0.0,0.0,0.0,0,1,1.0,0.0
477,2015-08-18 15:44:50.588,2015-08-18 15:48:45.478,4,4,1,1,3966.0,7920.0,0.0,0,1,4.0,0.0
478,2015-08-31 16:32:53.964,2015-08-31 16:32:53.964,10,10,1,1,292891.2,505080.0,0.5,0,1,10.0,0.0
479,2015-07-22 14:44:54.543,2015-07-22 14:46:30.087,20,20,1,1,11294.4,20040.0,0.5,0,1,20.0,0.0
480,2015-05-20 16:42:01.684,2015-05-20 16:42:01.684,1,1,1,0,0.0,0.0,0.0,0,1,1.0,0.0
481,2015-08-06 15:26:14.249,2015-08-06 15:26:14.249,10,10,1,1,54888.0,65880.0,0.5,0,1,10.0,0.0
482,2015-05-24 04:31:56.597,2015-07-23 16:55:31.507,22,22,2,2,63944.181818181816,504156.0,0.5,0,60,0.36666666666666664,0.0
483,2015-05-19 17:25:59.549,2015-05-19 17:25:59.549,28,28,1,1,273070.1142857143,452880.0,0.5,0,1,28.0,0.0
484,2015-08-21 01:41:09.639,2015-09-10 03:02:34.484,111,111,9,3,237293.84864864865,845880.0,0.3963963963963964,0,20,5.55,0.0
485,2015-08-23 03:05:07.941,2015-08-23 03:29:34.008,70,70,6,7,17960743.782857142,312240000.0,0.5,0,1,70.0,0.0
486,2015-08-05 23:19:06.411,2015-08-05 23:19:06.411,4,4,1,1,177678.0,697320.0,0.0,0,1,4.0,0.0
487,2015-09-06 06:39:51.466,2015-09-06 06:39:51.466,16,16,1,1,181477.5,1137660.0,0.5,0,1,16.0,0.0
488,2015-06-05 06:39:35.428,2015-06-05 06:40:50.309,15,15,2,1,40144.0,92160.0,0.6,0,1,15.0,0.0
489,2015-06-27 14:53:29.180,2015-06-27 14:53:29.180,3,3,1,1,50118.0,121320.0,0.0,0,1,3.0,0.0
490,2015-08-06 17:46:53.786,2015-08-06 17:46:53.786,2,2,1,1,11517180.0,22952400.0,0.0,0,1,2.0,0.0
491,2015-06-16 17:10:40.365,2015-06-16 17:10:40.365,1,1,1,0,0.0,0.0,0.0,0,1,1.0,0.0
492,2015-07-11 14:51:02.181,2015-07-11 14:51:02.181,6,6,1,1,410516.0,1187628.0,0.5,0,1,6.0,0.0
493,2015-06-25 22:20:30.431,2015-06-25 22:20:30.431,14,14,1,1,187948.80000000002,419880.0,0.5,0,1,14.0,0.0
494,2015-05-07 07:05:48.653,2015-05-07 07:05:48.653,1,1,1,0,0.0,0.0,0.0,0,1,1.0,0.0
495,2015-07-13 04:58:31.458,2015-07-13 04:58:31.458,22,22,1,1,100269.81818181818,142680.0,0.5,0,1,22.0,0.0
496,2015-08-05 03:35:38.297,2015-08-18 18:22:24.484,9,9,2,2,804486465.3333334,7240092240.0,0.0,0,13,0.6923076923076923,0.0
497,2015-08-08 19:46:24.677,2015-08-08 19:46:24.677,1,1,1,1,10680.0,10680.0,0.0,0,1,1.0,0.0
498,2015-09-11 04:13:56.082,2015-09-11 04:13:56.082,10,10,1,1,614180.4,923880.0,1.0,0,1,10.0,0.0
499,2015-08-12 01:53:42.256,2015-08-12 01:53:42.256,2,2,1,1,25920.0,28800.0,0.0,0,1,2.0,0.0
500,2015-06-21 16:29:09.940,2015-06-21 16:29:09.940,2,2,1,1,395868.0,785112.0,0.0,0,1,2.0,0.0
501,2015-07-22 12:57:08.605,2015-07-22 12:57:08.605,3,3,1,1,12850.0,32520.0,0.0,0,1,3.0,0.0
502,2015-05-06 17:05:52.271,2015-06-05 17:31:12.971,9,9,2,2,10711.333333333334,52392.0,0.0,0,30,0.3,0.0
503,2015-05-05 15:23:56.501,2015-05-05 15:23:56.501,2,2,1,1,34140.0,51480.0,0.0,0,1,2.0,0.0
504,2015-07-22 05:57:44.257,2015-07-22 05:57:44.257,10,10,1,1,143251.2,200496.0,0.5,0,1,10.0,0.0
505,2015-05-12 21:20:35.880,2015-05-12 21:20:35.880,6,6,1,1,3690.0,11040.0,0.5,0,1,6.0,0.0
506,2015-07-10 23:47:52.651,2015-07-10 23:49:17.903,14,14,2,1,220992.0,284400.0,0.8571428571428571,0,1,14.0,0.0
507,2015-06-08 20:01:19.599,2015-08-27 18:30:31.104,96,96,2,2,318409.125,439320.0,0.9479166666666666,0,79,1.2151898734177216,0.0
508,2015-08-03 05:17:36.703,2015-08-03 05:17:36.703,4,4,1,1,42249.0,61800.0,1.0,0,1,4.0,0.0
509,2015-06-08 23:45:33.562,2015-06-08 23:45:33.562,9,9,1,1,166122.66666666666,192600.0,1.0,0,1,9.0,0.0
510,2015-05-06 23:40:53.642,2015-05-06 23:40:53.642,4,4,1,1,13983.0,38760.0,0.0,0,1,4.0,0.0
511,2015-08-30 17:00:49.064,2015-08-30 17:00:49.064,1,1,1,1,45240.0,45240.0,0.0,0,1,1.0,0.0
512,2015-05-25 16:30:05.264,2015-05-25 16:40:53.928,53,53,3,1,275756.6037735849,563880.0,0.8679245283018868,0,1,53.0,0.0
513,2015-05-30 13:51:44.523,2015-05-30 13:51:44.523,1,1,1,0,0.0,0.0,0.0,0,1,1.0,0.0
514,2015-07-10 18:03:51.694,2015-07-10 18:03:51.694,4,4,1,1,20205.3,68400.0,0.0,0,1,4.0,0.0
515,2015-07-11 21:55:22.916,2015-07-28 06:11:54.967,34,34,4,1,63948.0,88800.0,0.8823529411764706,0,16,2.125,0.0
516,2015-08-23 17:55:50.826,2015-08-23 17:55:50.826,1,1,1,0,0.0,0.0,0.0,0,1,1.0,0.0
517,2015-08-13 01:34:42.806,2015-08-13 01:34:42.806,8,8,1,1,19039.62,151440.0,0.0,0,1,8.0,0.0
518,2015-08-29 18:43:53.272,2015-08-29 18:43:53.272,2,2,1,1,7206.0,14400.0,0.0,0,1,2.0,0.0
519,2015-07-11 16:42:45.348,2015-07-11 16:42:59.228,8,8,1,1,60055.5,239640.0,0.0,0,1,8.0,0.0
520,2015-08-30 22:12:50.366,2015-08-30 22:12:50.366,5,5,1,1,231444.0,1115760.0,0.0,0,1,5.0,0.0
521,2015-07-27 16:01:43.814,2015-07-27 16:01:43.814,1,1,1,0,0.0,0.0,0.0,0,1,1.0,0.0
522,2015-06-07 19:41:42.604,2015-06-07 19:42:46.058,18,18,2,2,217938.66666666666,768168.0,0.7777777777777778,0,1,18.0,0.0
523,2015-07-31 20:24:26.051,2015-07-31 20:24:26.051,32,32,1,2,13068872607372.0,104550980663904.0,0.5,0,1,32.0,0.0
524,2015-07-23 03:10:21.402,2015-07-23 03:10:42.144,52,52,1,1,167195.07692307694,221880.0,0.5,0,1,52.0,0.0
525,2015-07-13 16:59:43.832,2015-07-13 16:59:43.832,4,4,1,1,105006.0,210000.0,0.5,0,1,4.0,0.0
526,2015-06-10 22:30:39.050,2015-06-10 22:30:39.050,12,12,1,1,532644.0,731880.0,0.5,0,1,12.0,0.0
527,2015-06-22 19:10:36.713,2015-06-22 19:10:36.713,14,14,1,1,30491.14285714286,53040.0,0.5,0,1,14.0,0.0
528,2015-05-19 22:02:43.770,2015-05-19 22:02:43.770,16,16,1,1,50315.25,74160.0,0.5,0,1,16.0,0.0
529,2015-07-31 21:57:46.806,2015-07-31 21:57:46.806,7,7,1,1,3222.0,6120.0,1.0,0,1,7.0,0.0
530,2015-05-25 04:09:36.743,2015-05-25 04:39:27.365,9,9,2,2,157122.66666666666,589200.0,0.0,0,1,9.0,0.0
531,2015-05-28 19:57:18.542,2015-05-28 20:09:32.219,38,38,2,1,131678.52631578947,221880.0,0.5,0,1,38.0,0.0
532,2015-07-02 04:44:11.715,2015-07-02 04:44:11.715,6,6,1,1,17080.0,18000.0,0.5,0,1,6.0,0.0
533,2015-06-01 19:45:28.975,2015-06-01 19:45:28.975,3,3,1,1,6010.599999999999,18000.0,0.0,0,1,3.0,0.0
534,2015-08-04 05:25:14.747,2015-08-04 05:25:14.747,10,10,1,2,8198.4,11592.0,1.0,0,1,10.0,0.0
535,2015-06-27 20:46:09.824,2015-09-16 21:40:08.738,14,14,2,2,168169.7142857143,518160.0,0.5,0,81,0.1728395061728395,0.0
536,2015-08-01 01:43:35.588,2015-08-01 01:43:35.588,10,10,1,1,20177.004,194520.0,0.0,0,1,10.0,0.0
537,2015-06-16 20:24:25.787,2015-06-16 20:24:25.787,8,8,1,1,40440.0,45120.0,0.5,0,1,8.0,0.0
538,2015-06-11 04:34:04.527,2015-06-11 04:34:04.527,2,2,1,1,4080.0,5160.0,0.0,0,1,2.0,0.0
539,2015-06-16 05:36:01.688,2015-06-16 16:09:52.149,49,28,1,1,32394.85714285714,41040.0,1.0,1,1,49.0,0.03571428571428571
540,2015-08-25 17:27:08.713,2015-08-25 17:27:08.713,3,3,1,1,29840.0,68760.0,0.0,0,1,3.0,0.0
541,2015-07-09 03:40:46.280,2015-07-13 03:49:00.805,32,32,1,1,36375.000375,46320.0,1.0,0,4,8.0,0.0
542,2015-05-14 16:56:34.009,2015-05-14 16:58:17.986,4,4,2,1,12288.0,26880.0,0.0,0,1,4.0,0.0
543,2015-08-11 18:52:03.484,2015-08-11 18:52:03.484,1,1,1,0,0.0,0.0,0.0,0,1,1.0,0.0
544,2015-06-17 14:22:29.719,2015-06-17 14:22:29.719,3,3,1,1,48032.0,127320.0,0.0,0,1,3.0,0.0
545,2015-08-14 17:23:26.910,2015-08-14 17:23:26.910,3,3,1,1,80384.0,224160.0,0.0,0,1,3.0,0.0
546,2015-09-13 15:27:30.422,2015-09-13 15:27:30.422,1,1,1,0,0.0,0.0,0.0,0,1,1.0,0.0
547,2015-07-10 19:33:01.005,2015-07-10 19:33:01.005,44,44,1,2,112440.0,208080.0,0.5,0,1,44.0,0.0
548,2015-07-29 16:37:10.945,2015-07-29 16:37:10.945,3,3,1,1,9556.0,24432.0,0.0,0,1,3.0,0.0
549,2015-07-07 03:29:16.747,2015-07-07 04:44:17.304,185,185,17,4,30239.156756756758,156000.0,0.6378378378378379,0,1,185.0,0.0
550,2015-06-26 22:28:01.309,2015-06-26 22:28:01.309,4,4,1,1,16113.0,17772.0,1.0,0,1,4.0,0.0
551,2015-08-06 01:32:38.055,2015-08-06 01:32:38.055,8,8,1,1,56715.0,69360.0,1.0,0,1,8.0,0.0
552,2015-06-08 18:38:09.581,2015-06-08 18:38:09.581,1,1,1,0,0.0,0.0,0.0,0,1,1.0,0.0
553,2015-05-06 23:13:02.876,2015-07-13 18:26:58.757,20,20,2,2,161538.6,228120.0,1.0,0,67,0.29850746268656714,0.0
554,2015-05-18 01:55:34.376,2015-05-18 01:55:34.376,3,3,1,3,100200.0,100200.0,0.0,0,1,3.0,0.0
555,2015-09-06 20:51:48.060,2015-09-06 20:51:48.060,4,4,1,1,4831.2,18960.0,0.0,0,1,4.0,0.0
556,2015-08-24 20:25:39.309,2015-08-24 20:26:35.165,56,56,1,1,134080.2857142857,207480.0,0.5,0,1,56.0,0.0
557,2015-06-28 15:41:29.880,2015-06-28 15:41:29.880,1,1,1,1,94320.0,94320.0,0.0,0,1,1.0,0.0
558,2015-07-08 08:32:08.221,2015-07-08 08:32:08.221,1,1,1,0,0.0,0.0,0.0,0,1,1.0,0.0
559,2015-06-11 07:40:19.997,2015-06-11 07:40:19.997,4,4,1,1,11223.0,38880.0,0.0,0,1,4.0,0.0
560,2015-07-25 19:58:47.726,2015-07-25 19:58:47.726,26,26,1,1,183769.2923076923,684600.0,0.5,0,1,26.0,0.0
561,2015-09-15 02:38:01.608,2015-09-15 02:38:01.608,30,30,1,1,710435282.4,10656185400.0,0.5,0,1,30.0,0.0
562,2015-09-09 20:50:42.124,2015-09-09 20:50:42.124,6,6,1,3,142200.0,147600.0,0.0,0,1,6.0,0.0
563,2015-07-31 03:19:56.590,2015-07-31 03:19:56.590,1,1,1,0,0.0,0.0,0.0,0,1,1.0,0.0
564,2015-06-21 23:34:02.998,2015-06-21 23:34:02.998,30,30,1,1,56720.8,71400.0,0.5,0,1,30.0,0.0
565,2015-06-11 20:14:42.706,2015-06-11 20:14:42.706,16,16,1,1,111180.5325,299880.0,1.0,0,1,16.0,0.0
566,2015-07-27 16:10:50.260,2015-07-27 16:10:50.260,3,3,1,1,11940.0,24000.0,0.0,0,1,3.0,0.0
567,2015-07-05 16:03:40.090,2015-07-05 16:03:40.090,16,16,1,1,38239.35,74088.0,0.5,0,1,16.0,0.0
568,2015-07-02 22:27:14.342,2015-07-02 22:33:21.630,12,12,1,1,50140.0,115380.0,0.5,0,1,12.0,0.0
569,2015-08-15 14:11:03.856,2015-08-15 14:11:03.856,4,4,1,1,544137.0,2164284.0,0.0,0,1,4.0,0.0
570,2015-05-19 01:41:14.846,2015-05-19 01:48:40.967,45,45,2,1,147144.76693333333,358920.0,0.6888888888888889,0,1,45.0,0.0
571,2015-06-23 18:48:41.882,2015-06-23 18:48:41.882,6,6,1,1,25760.36,150000.0,0.0,0,1,6.0,0.0
572,2015-06-07 03:22:18.285,2015-06-07 03:22:18.285,1,1,1,1,47880.0,47880.0,0.0,0,1,1.0,0.0
573,2015-06-15 03:02:00.731,2015-06-15 03:02:00.731,1,1,1,1,5160.0,5160.0,0.0,0,1,1.0,0.0
574,2015-07-02 20:18:52.021,2015-07-02 20:18:52.021,44,44,1,1,32580285.70909091,713143824.0,0.5,0,1,44.0,0.0
575,2015-06-25 04:36:57.174,2015-06-25 04:36:57.174,24,24,1,1,172347.0,222720.0,0.5,0,1,24.0,0.0
576,2015-05-17 13:11:20.608,2015-07-09 13:31:11.455,120,120,3,4,71476.7,305880.0,0.5166666666666667,0,53,2.2641509433962264,0.0
577,2015-07-02 19:38:25.302,2015-07-02 19:53:10.594,144,144,2,1,21583.333333333332,27480.0,0.5,0,1,144.0,0.0
578,2015-07-18 01:58:01.319,2015-07-18 01:58:01.319,1,1,1,1,7320.0,7320.0,0.0,0,1,1.0,0.0
579,2015-08-04 02:46:21.851,2015-09-12 23:23:35.425,8,8,2,2,15513.0,20760.0,1.0,0,39,0.20512820512820512,0.0
580,2015-08-02 03:12:33.307,2015-08-02 03:16:09.984,2,2,1,0,0.0,0.0,0.0,0,1,2.0,0.0
581,2015-06-01 16:16:35.350,2015-06-01 16:16:35.350,10,10,1,1,51290.4,169212.0,0.5,0,1,10.0,0.0
582,2015-07-18 15:28:36.228,2015-07-18 15:28:36.228,12,12,1,1,271044.0,340080.0,0.5,0,1,12.0,0.0
583,2015-06-04 00:45:08.328,2015-06-04 00:45:08.328,6,6,1,1,13030.199999999999,76320.0,0.0,0,1,6.0,0.0
584,2015-05-25 13:48:14.184,2015-05-26 00:25:38.071,32,32,1,1,121582.5,179388.0,0.5,0,1,32.0,0.0
585,2015-08-27 01:58:26.039,2015-08-27 01:58:26.039,6,6,1,2,10704.0,31200.0,0.0,0,1,6.0,0.0
586,2015-06-05 02:10:43.217,2015-06-18 02:02:42.462,34,34,3,3,49293.705882352944,72720.0,0.4411764705882353,0,12,2.8333333333333335,0.0
587,2015-07-26 18:52:06.519,2015-07-26 18:52:06.519,4,4,1,1,31737.0,126240.0,0.0,0,1,4.0,0.0
588,2015-07-06 05:21:38.806,2015-07-06 05:24:18.111,16,8,1,1,19170.0,25080.0,0.5,0,1,16.0,0.0
589,2015-09-10 15:06:50.905,2015-09-10 15:08:05.408,38,38,2,1,47246.52631578947,71400.0,0.8157894736842105,0,1,38.0,0.0
590,2015-09-04 19:17:09.315,2015-09-04 19:17:09.315,4,4,1,2,26940.0,53520.0,0.0,0,1,4.0,0.0
591,2015-07-10 20:03:06.733,2015-07-10 20:03:06.733,40,40,1,1,48351.840000000004,104040.0,0.5,0,1,40.0,0.0
592,2015-08-19 04:33:41.865,2015-08-19 04:33:41.865,3,3,1,1,36396.0,70548.0,0.0,0,1,3.0,0.0
593,2015-07-29 17:43:40.292,2015-07-29 17:43:40.292,1,1,1,0,0.0,0.0,0.0,0,1,1.0,0.0
594,2015-07-24 21:38:55.758,2015-07-24 21:38:55.758,3,3,1,1,10752.0,27600.0,0.0,0,1,3.0,0.0
595,2015-05-07 23:07:31.797,2015-05-07 23:07:31.797,3,3,1,1,6521.2,11880.0,0.0,0,1,3.0,0.0
596,2015-06-02 03:52:18.277,2015-06-02 04:02:33.563,2,2,1,0,0.0,0.0,0.0,0,1,2.0,0.0
597,2015-05-21 12:33:32.321,2015-05-21 12:33:32.321,7,7,1,1,44245.71428571428,62520.0,1.0,0,1,7.0,0.0
598,2015-06-26 19:52:19.864,2015-06-26 19:52:19.864,1,1,1,0,0.0,0.0,0.0,0,1,1.0,0.0
599,2015-06-14 06:01:28.162,2015-06-14 06:01:28.162,5,5,1,1,15888.0,17520.0,1.0,0,1,5.0,0.0
600,2015-07-28 22:03:45.200,2015-07-28 22:03:45.200,3,3,1,1,37164.0,57000.0,1.0,0,1,3.0,0.0
601,2015-06-08 22:30:12.047,2015-06-09 22:50:04.889,6,6,1,1,12412.0,36036.0,0.0,0,1,6.0,0.0
602,2015-06-29 17:12:22.340,2015-06-29 17:12:22.340,1,1,1,0,0.0,0.0,0.0,0,1,1.0,0.0
603,2015-08-28 18:11:57.895,2015-08-28 18:11:57.895,12,12,1,1,893012.0,5105136.0,1.0,0,1,12.0,0.0
604,2015-06-04 04:44:43.079,2015-06-09 04:30:49.165,288,288,6,1,14496138.875,277692000.0,1.0,0,4,72.0,0.0
605,2015-07-26 20:10:44.777,2015-07-26 22:12:05.485,15,15,2,1,34717.6,191880.0,0.0,0,1,15.0,0.0
606,2015-09-09 17:26:04.162,2015-09-09 17:26:04.162,5,5,1,1,41139.912,69840.0,1.0,0,1,5.0,0.0
607,2015-07-13 18:28:58.636,2015-07-13 18:28:58.636,8,8,1,1,35253.0,73680.0,0.5,0,1,8.0,0.0
608,2015-08-29 02:23:13.593,2015-08-29 02:23:13.593,10,10,1,1,162770.4,189720.0,1.0,0,1,10.0,0.0
609,2015-08-23 14:46:08.204,2015-08-23 14:47:02.904,4,4,1,1,2826.0,5520.0,0.0,0,1,4.0,0.0
610,2015-07-21 21:03:35.169,2015-07-21 21:03:35.169,30,30,1,1,138688.64,242280.0,0.5,0,1,30.0,0.0
611,2015-08-17 19:45:22.953,2015-08-17 19:45:50.951,42,42,2,1,1262348.5714285714,25164000.0,0.5,0,1,42.0,0.0
612,2015-09-01 08:29:08.500,2015-09-01 08:29:08.500,30,30,1,1,76738.0,178920.0,0.5,0,1,30.0,0.0
613,2015-05-28 21:45:16.500,2015-05-28 21:45:16.500,30,30,1,1,212178.4,258600.0,0.5,0,1,30.0,0.0
614,2015-06-03 08:42:39.633,2015-06-03 08:42:39.633,4,4,1,2,25020.0,49080.0,0.0,0,1,4.0,0.0
615,2015-05-22 14:18:04.390,2015-05-22 14:23:59.882,42,42,1,1,44598.97142857143,60600.0,1.0,0,1,42.0,0.0
616,2015-05-29 14:13:33.070,2015-05-29 14:13:33.070,1,1,1,0,0.0,0.0,0.0,0,1,1.0,0.0
617,2015-07-26 16:25:36.291,2015-07-26 16:29:49.036,6,6,1,1,7460.0,22320.0,0.0,0,1,6.0,0.0
618,2015-07-05 18:47:16.884,2015-07-05 18:47:16.884,2,2,1,1,278952.0,557880.0,0.0,0,1,2.0,0.0
619,2015-05-07 21:40:34.878,2015-05-07 21:40:34.878,40,40,1,1,1343005.1400000001,2102760.0,0.5,0,1,40.0,0.0
620,2015-05-19 02:41:36.323,2015-05-19 02:41:36.323,14,14,1,1,188333.14285714287,359280.0,0.5,0,1,14.0,0.0
621,2015-06-23 04:24:25.217,2015-06-23 04:26:27.609,13,13,2,1,12433.846153846154,25080.0,1.0,0,1,13.0,0.0
622,2015-08-26 17:45:16.177,2015-08-26 17:45:16.177,2,2,1,1,69072.0,138120.0,0.0,0,1,2.0,0.0
623,2015-06-04 15:58:29.735,2015-06-04 15:58:29.735,8,8,1,1,29425.5,136356.0,1.0,0,1,8.0,0.0
624,2015-06-17 18:59:22.633,2015-06-17 18:59:22.633,18,18,1,1,31146.666666666668,52680.0,0.5,0,1,18.0,0.0
625,2015-07-17 17:38:56.102,2015-08-31 00:30:31.981,11,11,2,2,36125.454545454544,126048.0,0.5454545454545454,0,44,0.25,0.0
626,2015-06-01 04:16:35.513,2015-06-01 04:16:35.513,3,3,1,1,18404128169924.0,55212384481392.0,0.0,0,1,3.0,0.0
627,2015-08-20 19:29:32.726,2015-08-20 23:20:35.498,154,146,12,3,94220.32207792207,5076240.0,0.512987012987013,1,1,154.0,0.00684931506849315
628,2015-05-25 02:32:00.008,2015-05-25 02:32:00.008,4,4,1,1,26010.0,103800.0,0.0,0,1,4.0,0.0
629,2015-06-24 06:12:11.537,2015-06-24 06:12:11.537,8,8,1,1,42690.0,44400.0,0.5,0,1,8.0,0.0
630,2015-08-12 21:03:21.735,2015-08-12 21:03:21.735,3,3,1,1,11408.0,33840.0,0.0,0,1,3.0,0.0
631,2015-08-11 17:52:24.279,2015-08-11 17:54:26.707,6,6,1,1,9204.0,27240.0,0.0,0,1,6.0,0.0
632,2015-06-16 19:45:47.613,2015-06-16 19:45:47.613,4,4,1,1,15090.0,31080.0,0.0,0,1,4.0,0.0
633,2015-05-10 18:56:20.076,2015-05-20 07:24:10.158,3,3,2,3,61000.0,84120.0,0.0,0,9,0.3333333333333333,0.0
634,2015-07-29 18:26:19.761,2015-07-29 18:39:03.193,26,26,2,2,175482.0,484812.0,0.5384615384615384,0,1,26.0,0.0
635,2015-07-15 21:11:50.735,2015-07-15 21:11:50.735,10,10,1,2,17654.4,77040.0,0.0,0,1,10.0,0.0
636,2015-08-18 16:20:54.683,2015-08-18 16:22:27.432,16,16,3,1,15398095.5,82063536.0,0.5625,0,1,16.0,0.0
637,2015-07-08 16:50:32.247,2015-07-08 16:50:32.247,1,1,1,0,0.0,0.0,0.0,0,1,1.0,0.0
638,2015-07-08 22:02:33.012,2015-07-08 22:02:33.012,10,10,1,1,162770.4,189720.0,1.0,0,1,10.0,0.0
639,2015-08-06 21:54:50.083,2015-08-06 21:54:50.083,1,1,1,1,63240.0,63240.0,0.0,0,1,1.0,0.0
640,2015-05-04 23:02:27.505,2015-05-04 23:02:27.505,6,6,1,1,13800.0,20400.0,0.5,0,1,6.0,0.0
641,2015-06-16 21:53:27.632,2015-06-16 21:53:27.632,3,3,1,1,326632.0,600000.0,0.0,0,1,3.0,0.0
642,2015-06-26 13:28:15.081,2015-06-26 13:28:15.081,6,6,1,1,180038.6,1075440.0,0.0,0,1,6.0,0.0
643,2015-05-16 22:03:18.138,2015-05-16 22:03:18.138,22,22,1,1,64876.36363636364,82560.0,0.5,0,1,22.0,0.0
644,2015-08-10 19:19:21.954,2015-08-10 19:19:21.954,12,12,1,1,51540.0,59280.0,0.5,0,1,12.0,0.0
645,2015-07-06 23:44:39.887,2015-07-08 21:45:44.727,234,212,8,1,198079.7435897436,385440.0,0.5,0,1,234.0,0.0
646,2015-07-17 22:17:44.969,2015-07-17 22:17:44.969,10,10,1,1,239040.72000000003,602280.0,0.5,0,1,10.0,0.0
647,2015-09-03 12:57:09.059,2015-09-03 13:00:10.195,2,2,1,0,0.0,0.0,0.0,0,1,2.0,0.0
648,2015-07-05 02:59:51.694,2015-07-06 04:43:09.533,267,249,12,1,396867.86516853934,822600.0,0.49812734082397003,0,1,267.0,0.0
649,2015-06-25 19:20:25.175,2015-06-25 19:20:25.175,5,5,1,1,188143.2,848496.0,0.0,0,1,5.0,0.0
650,2015-07-14 00:40:02.482,2015-07-14 00:40:02.482,6,6,1,1,33880.0,89160.0,0.0,0,1,6.0,0.0
651,2015-05-09 19:51:47.416,2015-05-09 19:51:47.416,4,4,1,1,5304.0,21000.0,0.0,0,1,4.0,0.0
652,2015-06-17 14:55:52.984,2015-06-17 14:55:52.984,1,1,1,1,107160.0,107160.0,0.0,0,1,1.0,0.0
653,2015-06-26 16:37:08.124,2015-06-26 16:37:08.124,5,5,1,1,10428.0,39840.0,0.0,0,1,5.0,0.0
654,2015-07-08 13:49:13.214,2015-07-08 13:49:13.214,22,22,1,1,155288.18181818182,197640.0,0.5,0,1,22.0,0.0
655,2015-05-05 21:57:23.369,2015-05-05 21:57:23.369,1,1,1,1,65640.0,65640.0,0.0,0,1,1.0,0.0
656,2015-07-24 06:43:17.974,2015-07-27 17:10:08.458,24,24,2,1,138987.0,172080.0,0.4583333333333333,0,3,8.0,0.0
657,2015-08-18 22:23:58.094,2015-08-18 22:23:58.094,1,1,1,0,0.0,0.0,0.0,0,1,1.0,0.0
658,2015-06-08 17:55:32.493,2015-06-08 17:55:32.493,2,2,1,1,59880.0,59880.0,0.5,0,1,2.0,0.0
659,2015-08-18 22:15:46.605,2015-08-20 01:04:10.452,26,26,2,1,119922.46153846153,171480.0,0.7307692307692307,0,1,26.0,0.0
660,2015-06-15 16:45:20.479,2015-06-15 16:45:20.479,8,8,1,1,180486.0,258000.0,0.5,0,1,8.0,0.0
661,2015-07-28 17:46:45.934,2015-07-28 17:46:45.934,1,1,1,0,0.0,0.0,0.0,0,1,1.0,0.0
662,2015-08-17 00:46:02.731,2015-08-17 00:46:02.731,2,2,1,1,164952.0,329880.0,0.0,0,1,2.0,0.0
663,2015-06-19 05:32:07.430,2015-06-19 05:32:07.430,12,12,1,1,252811.0,442800.0,1.0,0,1,12.0,0.0
664,2015-06-08 21:32:20.312,2015-06-08 21:32:20.312,4,4,1,1,33951.0,134880.0,0.0,0,1,4.0,0.0
665,2015-07-10 20:45:15.151,2015-07-10 20:45:15.151,8,8,1,1,8929.5,26820.0,0.0,0,1,8.0,0.0
666,2015-08-23 20:05:41.673,2015-08-23 20:05:41.673,5,5,1,1,44301.6,208920.0,0.0,0,1,5.0,0.0
667,2015-05-21 23:22:03.264,2015-05-21 23:22:03.264,5,5,1,1,1324.8,4560.0,0.0,0,1,5.0,0.0
668,2015-06-27 21:43:49.360,2015-06-27 21:43:49.360,26,26,1,1,194160.92307692306,290520.0,0.5,0,1,26.0,0.0
669,2015-09-04 18:30:56.846,2015-09-04 18:30:56.846,3,3,1,3,92400.0,92400.0,0.0,0,1,3.0,0.0
670,2015-07-06 11:57:35.709,2015-07-06 11:57:35.709,4,4,1,1,14238.0,55800.0,0.0,0,1,4.0,0.0
671,2015-09-02 19:18:59.000,2015-09-02 19:23:00.390,70,70,3,1,201697.7142857143,371280.0,0.5,0,1,70.0,0.0
672,2015-07-17 05:55:40.444,2015-07-17 05:55:40.444,1,1,1,1,57720.0,57720.0,0.0,0,1,1.0,0.0
673,2015-05-14 12:55:46.226,2015-08-20 03:51:46.745,52,52,2,3,22048.153846153848,27960.0,0.5,0,97,0.5360824742268041,0.0
674,2015-06-23 01:20:12.482,2015-06-23 01:20:12.482,7,7,1,1,17629.542857142857,121440.0,0.0,0,1,7.0,0.0
675,2015-08-25 12:58:50.268,2015-08-25 13:01:32.284,74,74,2,1,71633.71945945946,114960.0,0.6216216216216216,0,1,74.0,0.0
676,2015-09-13 10:02:27.873,2015-09-13 10:02:27.873,1,1,1,0,0.0,0.0,0.0,0,1,1.0,0.0
677,2015-08-09 03:40:58.302,2015-08-09 03:40:58.302,5,5,1,1,7158.0,34200.0,0.0,0,1,5.0,0.0
678,2015-06-22 19:39:02.813,2015-06-22 19:39:02.813,5,5,1,1,23805.6,106440.0,0.0,0,1,5.0,0.0
679,2015-06-09 01:49:11.435,2015-06-09 01:49:11.435,9,9,1,1,78002.66666666667,137760.0,1.0,0,1,9.0,0.0
680,2015-05-04 22:48:24.837,2015-05-04 22:48:24.837,14,14,1,1,143674.2857142857,834240.0,0.5,0,1,14.0,0.0
681,2015-09-11 12:29:56.004,2015-09-11 12:29:56.004,4,4,1,1,15873.0,47880.0,0.0,0,1,4.0,0.0
682,2015-06-12 17:26:13.332,2015-07-12 23:34:00.948,35,35,4,3,11291.725714285714,146760.0,0.34285714285714286,0,30,1.1666666666666667,0.0
683,2015-05-17 18:29:48.553,2015-05-17 18:32:22.863,10,10,3,1,24960.0,29400.0,0.5,0,1,10.0,0.0
684,2015-08-13 13:08:56.688,2015-08-13 13:08:56.688,1,1,1,0,0.0,0.0,0.0,0,1,1.0,0.0
685,2015-06-30 21:44:21.802,2015-06-30 21:44:21.802,6,6,1,1,200408.0,301200.0,0.5,0,1,6.0,0.0
686,2015-05-21 15:39:50.333,2015-05-21 15:39:50.333,4,4,1,1,321192.0,642360.0,0.5,0,1,4.0,0.0
687,2015-09-15 22:46:29.985,2015-09-15 22:46:29.985,8,8,1,1,42441.0,52788.0,0.5,0,1,8.0,0.0
688,2015-07-25 23:41:30.691,2015-07-25 23:41:30.691,12,12,1,1,330912.0,338400.0,0.5,0,1,12.0,0.0
689,2015-05-08 07:26:54.438,2015-05-09 05:52:00.766,11,11,2,1,19224.0,19680.0,0.5,0,1,11.0,0.0
690,2015-07-06 18:56:43.359,2015-07-06 18:56:43.359,18,18,1,1,9912.666666666666,22560.0,0.5,0,1,18.0,0.0
691,2015-06-30 15:16:23.895,2015-06-30 15:16:23.895,6,6,1,1,22000.0,29880.0,1.0,0,1,6.0,0.0
692,2015-07-26 17:46:48.031,2015-07-26 17:46:48.031,6,6,1,1,52385.6,261240.0,0.0,0,1,6.0,0.0
693,2015-05-08 16:11:46.590,2015-05-08 16:11:46.590,1,1,1,1,6840.0,6840.0,0.0,0,1,1.0,0.0
694,2015-07-27 01:33:58.011,2015-07-27 01:33:58.011,14,14,1,1,93325.71428571429,108360.0,0.5,0,1,14.0,0.0
695,2015-09-14 16:15:03.549,2015-09-14 16:15:03.549,12,12,1,1,152510.0,244068.0,1.0,0,1,12.0,0.0
696,2015-05-18 22:59:57.119,2015-05-18 23:01:51.618,40,40,4,1,284414.4,504000.0,0.5,0,1,40.0,0.0
697,2015-07-09 21:29:35.817,2015-07-09 21:29:35.817,2,2,1,1,24786.0,49560.0,0.0,0,1,2.0,0.0
698,2015-05-22 15:11:00.077,2015-05-22 15:11:00.077,1,1,1,0,0.0,0.0,0.0,0,1,1.0,0.0
699,2015-05-14 01:32:18.404,2015-05-16 23:54:24.358,48,48,2,1,100740.0,104400.0,0.5,0,2,24.0,0.0
700,2015-06-10 17:49:54.523,2015-06-10 17:49:54.523,18,18,1,1,133920.0,179520.0,0.5,0,1,18.0,0.0
701,2015-06-28 03:05:06.223,2015-06-28 03:05:06.223,6,6,1,1,19498.0,110880.0,0.0,0,1,6.0,0.0
702,2015-05-24 22:46:59.375,2015-05-24 22:46:59.375,1,1,1,1,5040.0,5040.0,0.0,0,1,1.0,0.0
703,2015-05-18 20:48:10.686,2015-05-18 20:48:10.686,22,22,1,1,40663.74545454545,110880.0,0.5,0,1,22.0,0.0
704,2015-09-14 20:38:11.950,2015-09-14 20:38:11.950,1,1,1,0,0.0,0.0,0.0,0,1,1.0,0.0
705,2015-06-02 21:52:12.582,2015-06-02 21:52:12.582,8,8,1,1,66009.0,84480.0,1.0,0,1,8.0,0.0
706,2015-07-26 19:21:16.513,2015-07-26 19:21:44.265,8,8,1,1,6621.0,16800.0,0.0,0,1,8.0,0.0
707,2015-09-09 17:58:02.444,2015-09-09 17:58:02.444,6,6,1,1,214462.0,697092.0,0.0,0,1,6.0,0.0
708,2015-06-16 17:47:51.040,2015-06-16 17:47:51.040,12,12,1,1,182222.0,243360.0,0.5,0,1,12.0,0.0
709,2015-09-05 02:40:28.175,2015-09-05 02:40:28.175,4,4,1,1,47817.0,190560.0,0.0,0,1,4.0,0.0
710,2015-08-07 16:59:50.100,2015-08-24 21:14:44.421,127,127,6,1,32600.12598425197,58320.0,0.7086614173228346,0,17,7.470588235294118,0.0
711,2015-06-26 05:08:23.237,2015-06-26 05:08:23.237,1,1,1,1,32280.0,32280.0,0.0,0,1,1.0,0.0
712,2015-07-02 22:47:39.135,2015-07-02 22:47:39.135,14,14,1,1,15210.857142857143,21120.0,0.5,0,1,14.0,0.0
713,2015-06-08 19:58:24.141,2015-06-08 19:58:24.141,2,2,1,1,57780.0,112800.0,0.0,0,1,2.0,0.0
714,2015-08-24 23:11:20.312,2015-08-24 23:11:20.312,1,1,1,1,10800.0,10800.0,0.0,0,1,1.0,0.0
715,2015-07-06 19:02:24.808,2015-07-06 19:02:24.808,6,6,1,1,151640.0,152760.0,0.5,0,1,6.0,0.0
716,2015-06-05 18:06:02.912,2015-06-05 18:06:02.912,1,1,1,1,43440.0,43440.0,0.0,0,1,1.0,0.0
717,2015-08-21 17:58:48.446,2015-08-21 17:58:48.446,26,26,1,1,54902100.41538461,713162436.0,0.5,0,1,26.0,0.0
718,2015-06-02 07:40:52.004,2015-06-02 07:40:52.004,6,6,1,1,197640.0,216600.0,1.0,0,1,6.0,0.0
719,2015-08-12 01:04:11.812,2015-08-12 01:04:11.812,1,1,1,0,0.0,0.0,0.0,0,1,1.0,0.0
720,2015-05-10 18:30:26.236,2015-05-12 03:42:51.600,8,8,1,1,11484.6,45840.0,0.0,0,1,8.0,0.0
721,2015-07-05 23:26:45.798,2015-07-05 23:26:45.798,28,28,1,1,298960.28571428574,440760.0,0.5,0,1,28.0,0.0
722,2015-07-29 03:15:19.435,2015-07-29 03:15:19.435,6,6,1,1,35760.0,41160.0,0.5,0,1,6.0,0.0
723,2015-09-07 00:32:55.905,2015-09-07 00:32:55.905,44,44,1,1,32987113.221818183,713110992.0,0.5,0,1,44.0,0.0
724,2015-07-02 02:01:22.354,2015-08-24 06:04:21.599,98,98,5,2,41809.5918367347,327564.0,0.8673469387755102,0,53,1.849056603773585,0.0
725,2015-08-11 19:46:34.499,2015-08-11 19:46:34.499,7,7,1,1,552620.5714285715,863880.0,1.0,0,1,7.0,0.0
726,2015-05-18 02:37:18.901,2015-05-18 02:37:18.901,16,16,1,1,189465.0,323400.0,0.5,0,1,16.0,0.0
727,2015-06-26 19:25:20.067,2015-06-26 19:25:20.067,18,18,1,1,18458.666666666668,24600.0,0.5,0,1,18.0,0.0
728,2015-06-26 14:53:47.138,2015-06-26 14:56:35.317,18,18,1,1,23805.61333333333,213480.0,0.0,0,1,18.0,0.0
729,2015-07-31 21:25:05.585,2015-07-31 21:25:05.585,32,32,1,2,36004.5,72000.0,0.5,0,1,32.0,0.0
730,2015-07-20 06:21:01.013,2015-07-20 06:24:54.316,12,12,1,1,3928.0,6960.0,0.5,0,1,12.0,0.0
731,2015-07-07 02:30:11.808,2015-07-07 02:30:11.808,3,3,1,1,85148.0,244596.0,0.0,0,1,3.0,0.0
732,2015-06-17 06:04:26.136,2015-06-17 06:04:26.136,18,18,1,1,155333.33333333334,169800.0,0.5,0,1,18.0,0.0
733,2015-08-10 17:29:45.910,2015-08-10 17:29:45.910,12,12,1,1,171564.0,697152.0,0.5,0,1,12.0,0.0
734,2015-05-11 06:40:42.746,2015-05-11 06:40:42.746,6,6,1,1,37948.0,59280.0,1.0,0,1,6.0,0.0
735,2015-07-27 04:02:24.079,2015-07-27 04:02:24.079,10,10,1,1,19296.0,23040.0,0.5,0,1,10.0,0.0
736,2015-09-04 21:25:30.696,2015-09-04 21:25:30.696,16,16,1,1,121245.0,288000.0,0.5,0,1,16.0,0.0
737,2015-07-27 02:18:59.237,2015-07-27 02:18:59.237,3,3,1,1,15676.0,46800.0,0.0,0,1,3.0,0.0
738,2015-05-06 17:14:12.187,2015-05-06 17:14:12.187,6,6,1,1,37440.0,39360.0,0.5,0,1,6.0,0.0
739,2015-08-18 00:48:54.752,2015-08-18 00:48:54.752,26,26,1,1,202144.61538461538,290760.0,0.5,0,1,26.0,0.0
740,2015-05-10 19:02:53.778,2015-05-10 19:09:04.378,4,4,1,1,8490.0,14880.0,0.0,0,1,4.0,0.0
741,2015-08-27 14:15:59.133,2015-08-27 14:15:59.133,4,4,1,1,44953.5,179040.0,0.0,0,1,4.0,0.0
742,2015-05-06 00:25:24.351,2015-05-06 00:25:24.351,1,1,1,1,58752.0,58752.0,0.0,0,1,1.0,0.0
743,2015-07-02 23:19:15.892,2015-07-02 23:19:30.522,14,14,2,1,22608.0,35760.0,0.42857142857142855,0,1,14.0,0.0
744,2015-06-18 07:20:28.960,2015-06-18 07:27:40.751,4,4,2,1,17788.0,53280.0,0.0,0,1,4.0,0.0
745,2015-08-26 00:08:10.919,2015-08-26 00:09:04.238,37,13,2,1,36480.0,38400.0,0.4864864864864865,0,1,37.0,0.0
746,2015-06-14 05:25:21.304,2015-06-14 05:25:21.304,1,1,1,0,0.0,0.0,0.0,0,1,1.0,0.0
747,2015-07-02 07:39:01.052,2015-07-02 07:39:01.052,1,1,1,0,0.0,0.0,0.0,0,1,1.0,0.0
748,2015-08-26 23:13:50.075,2015-08-26 23:13:50.075,2,2,1,1,23286.0,46560.0,0.0,0,1,2.0,0.0
749,2015-07-09 17:44:59.894,2015-07-09 17:47:07.347,24,24,2,1,71430.06999999999,126480.0,0.7083333333333334,0,1,24.0,0.0
750,2015-08-05 21:19:04.293,2015-08-05 21:19:04.293,1,1,1,0,0.0,0.0,0.0,0,1,1.0,0.0
751,2015-08-31 18:42:13.178,2015-08-31 18:42:52.984,52,52,1,1,36221.53846153846,46800.0,0.5,0,1,52.0,0.0
752,2015-05-07 18:55:12.227,2015-05-07 18:55:12.227,6,6,1,1,166650.0,288360.0,1.0,0,1,6.0,0.0
753,2015-06-15 06:39:03.869,2015-06-15 06:40:14.621,26,26,2,1,21387.23076923077,38520.0,0.6153846153846154,0,1,26.0,0.0
754,2015-06-15 21:43:54.862,2015-06-15 21:43:54.862,12,12,1,1,21708.0,30180.0,0.5,0,1,12.0,0.0
755,2015-09-03 19:59:09.709,2015-09-03 19:59:09.709,3,3,1,1,41504.0,113640.0,0.0,0,1,3.0,0.0
756,2015-06-02 12:27:36.114,2015-06-02 12:27:36.114,16,16,1,1,76794.75,127320.0,0.5,0,1,16.0,0.0
757,2015-06-11 18:23:47.756,2015-06-13 02:18:13.872,2,2,1,0,0.0,0.0,0.0,0,1,2.0,0.0
758,2015-07-10 20:08:58.691,2015-07-10 20:08:58.691,4,4,1,2,39900.0,66840.0,0.0,0,1,4.0,0.0
759,2015-06-24 18:57:57.019,2015-07-14 22:19:05.099,40,40,1,1,22056.0,24600.0,0.5,0,20,2.0,0.0
760,2015-07-18 01:30:51.830,2015-07-18 01:30:51.830,10,10,1,1,1344590.4,6636792.0,0.5,0,1,10.0,0.0
761,2015-07-08 19:28:40.022,2015-07-08 19:28:40.022,4,4,1,1,14275.95,57000.0,0.0,0,1,4.0,0.0
762,2015-06-29 07:18:28.745,2015-06-29 07:25:16.759,4,4,2,1,21552.0,42960.0,0.0,0,1,4.0,0.0
763,2015-06-19 21:59:57.201,2015-06-20 00:01:04.409,92,92,3,1,189872.47826086957,311880.0,0.5,0,1,92.0,0.0
764,2015-08-17 19:07:40.258,2015-08-17 19:07:40.258,24,24,1,1,22534.0,37200.0,0.5,0,1,24.0,0.0
765,2015-06-01 23:32:13.133,2015-06-01 23:43:06.060,42,42,1,1,496074.85714285716,2977524.0,0.5,0,1,42.0,0.0
766,2015-07-27 00:53:26.732,2015-07-27 00:53:26.732,9,9,1,1,19146.82,169200.0,0.0,0,1,9.0,0.0
767,2015-07-14 22:04:24.862,2015-07-14 22:04:24.862,4,4,1,1,24543.0,74160.0,0.0,0,1,4.0,0.0
768,2015-06-23 05:51:28.795,2015-06-23 05:51:28.795,6,6,1,1,9364.0,21480.0,0.0,0,1,6.0,0.0
769,2015-07-20 13:12:54.187,2015-07-20 13:14:06.666,22,22,2,1,22030.909090909092,28080.0,0.6363636363636364,0,1,22.0,0.0
770,2015-08-29 23:26:12.945,2015-08-29 23:26:12.945,8,8,1,2,9660.0,11040.0,1.0,0,1,8.0,0.0
771,2015-07-08 17:13:37.966,2015-07-08 17:13:37.966,8,8,1,1,8095.47,64200.0,0.0,0,1,8.0,0.0
772,2015-07-29 16:48:41.269,2015-08-14 16:49:20.941,432,432,8,1,198801.47222222222,437520.0,0.5347222222222222,0,16,27.0,0.0
773,2015-05-27 18:23:53.758,2015-05-27 18:23:53.758,16,16,1,1,39768.225,81600.0,0.5,0,1,16.0,0.0
774,2015-05-20 05:42:40.580,2015-05-20 05:43:10.735,40,40,1,1,46129.8,81360.0,0.5,0,1,40.0,0.0
775,2015-05-29 00:54:03.931,2015-05-29 00:54:03.931,22,22,1,1,67385.45454545454,71160.0,0.5,0,1,22.0,0.0
776,2015-06-07 22:07:31.301,2015-06-07 22:07:31.301,14,14,1,1,39776.91428571429,77280.0,0.5,0,1,14.0,0.0
777,2015-08-17 17:59:28.113,2015-08-17 17:59:28.113,1,1,1,0,0.0,0.0,0.0,0,1,1.0,0.0
778,2015-05-05 01:18:53.445,2015-05-05 01:18:53.445,7,7,1,1,103844.57142857143,251112.0,1.0,0,1,7.0,0.0
779,2015-07-13 07:59:58.773,2015-07-13 07:59:58.773,32,32,1,1,220393.5,262920.0,0.5,0,1,32.0,0.0
780,2015-06-04 23:11:29.831,2015-06-04 23:11:29.831,14,14,1,1,69337.11428571428,124080.0,0.5,0,1,14.0,0.0
781,2015-06-15 18:58:04.349,2015-06-15 18:58:04.349,14,14,1,1,232933.02857142856,474960.0,0.5,0,1,14.0,0.0
782,2015-07-17 01:18:25.353,2015-07-17 01:18:25.353,1,1,1,0,0.0,0.0,0.0,0,1,1.0,0.0
783,2015-05-18 02:30:52.228,2015-08-02 21:49:55.179,11,11,3,2,30427.2,117480.0,0.0,0,76,0.14473684210526316,0.0
784,2015-05-07 18:19:09.959,2015-05-07 18:19:09.959,6,6,1,1,212368.0,319080.0,0.5,0,1,6.0,0.0
785,2015-06-20 15:19:30.561,2015-06-20 15:19:30.561,1,1,1,0,0.0,0.0,0.0,0,1,1.0,0.0
786,2015-05-20 14:39:12.373,2015-05-20 14:39:12.373,10,10,1,1,173332.8,834624.0,0.5,0,1,10.0,0.0
787,2015-05-27 03:17:53.352,2015-05-27 03:17:53.352,1,1,1,0,0.0,0.0,0.0,0,1,1.0,0.0
788,2015-08-20 00:26:47.634,2015-08-20 00:26:47.634,1,1,1,0,0.0,0.0,0.0,0,1,1.0,0.0
789,2015-08-08 20:03:39.421,2015-08-08 20:03:39.421,2,2,1,1,3432.0,6840.0,0.0,0,1,2.0,0.0
790,2015-08-06 18:32:17.558,2015-08-06 18:32:17.558,1,1,1,0,0.0,0.0,0.0,0,1,1.0,0.0
791,2015-08-17 05:48:19.686,2015-08-17 05:48:19.686,1,1,1,0,0.0,0.0,0.0,0,1,1.0,0.0
792,2015-07-27 21:12:00.037,2015-07-27 21:12:00.037,1,1,1,0,0.0,0.0,0.0,0,1,1.0,0.0
793,2015-08-03 02:36:43.160,2015-08-03 02:36:43.160,32,32,1,2,24957.0,59880.0,0.5,0,1,32.0,0.0
794,2015-07-20 05:56:35.146,2015-07-20 05:56:35.146,1,1,1,1,22680.0,22680.0,0.0,0,1,1.0,0.0
795,2015-08-10 21:06:08.740,2015-08-24 21:50:02.092,115,67,8,6,45592.69565217391,131304.0,0.9043478260869565,1,14,8.214285714285714,0.014925373134328358
796,2015-08-12 15:39:02.626,2015-08-12 15:39:02.626,20,20,1,1,12860.4,84072.0,0.5,0,1,20.0,0.0
797,2015-06-22 08:38:58.334,2015-06-22 08:38:58.334,6,6,1,1,156067.13999999998,931920.0,0.0,0,1,6.0,0.0
798,2015-05-12 03:46:52.945,2015-05-12 03:46:52.945,11,11,1,1,40605.818181818184,63360.0,1.0,0,1,11.0,0.0
799,2015-05-07 15:25:20.528,2015-05-07 15:25:20.528,6,6,1,1,17830.528000000002,87720.0,0.0,0,1,6.0,0.0
800,2015-05-21 06:03:39.179,2015-05-21 06:03:39.179,6,6,1,1,13608.588000000002,62400.0,0.0,0,1,6.0,0.0
801,2015-09-03 04:25:31.245,2015-09-03 04:25:31.245,6,6,1,1,22000.0,29880.0,1.0,0,1,6.0,0.0
802,2015-05-18 03:15:20.718,2015-05-18 03:15:20.718,5,5,1,1,32155.2,126108.0,0.0,0,1,5.0,0.0
803,2015-06-18 04:42:02.534,2015-06-18 04:42:02.534,1,1,1,0,0.0,0.0,0.0,0,1,1.0,0.0
804,2015-07-11 02:53:48.743,2015-07-11 02:53:48.743,1,1,1,1,121080.0,121080.0,0.0,0,1,1.0,0.0
805,2015-06-24 18:01:47.325,2015-06-24 18:05:01.939,21,21,2,1,9724.582857142857,105480.0,0.0,0,1,21.0,0.0
806,2015-07-20 15:42:28.371,2015-07-20 15:42:28.371,3,3,1,1,41539.0,90000.0,0.0,0,1,3.0,0.0
807,2015-06-09 23:49:35.180,2015-06-20 18:37:12.217,9,9,2,1,7181.7,51720.0,0.0,0,10,0.9,0.0
808,2015-08-02 20:49:52.107,2015-08-02 20:50:17.740,15,15,2,1,20761.6,24600.0,0.4,0,1,15.0,0.0
809,2015-05-31 06:20:11.634,2015-05-31 06:20:11.634,4,4,1,1,201198.0,720000.0,0.0,0,1,4.0,0.0
810,2015-05-17 17:01:15.825,2015-05-17 17:01:15.825,9,9,1,1,10544.613333333335,93960.0,0.0,0,1,9.0,0.0
811,2015-05-13 01:12:28.782,2015-05-13 01:12:28.782,1,1,1,0,0.0,0.0,0.0,0,1,1.0,0.0
812,2015-08-09 19:18:39.074,2015-08-09 19:18:39.074,1,1,1,1,62160.0,62160.0,0.0,0,1,1.0,0.0
813,2015-06-25 08:03:17.492,2015-06-25 08:03:17.492,5,5,1,1,32292.0,87960.0,0.0,0,1,5.0,0.0
814,2015-06-26 05:28:40.338,2015-06-26 05:29:16.038,26,26,2,1,21387.23076923077,38520.0,0.6153846153846154,0,1,26.0,0.0
815,2015-06-28 14:44:15.626,2015-06-28 14:44:15.626,1,1,1,0,0.0,0.0,0.0,0,1,1.0,0.0
816,2015-05-25 23:37:15.899,2015-05-25 23:37:15.899,1,1,1,0,0.0,0.0,0.0,0,1,1.0,0.0
817,2015-05-08 14:14:17.363,2015-05-08 14:14:17.363,6,6,1,3,62736.6,125400.0,0.0,0,1,6.0,0.0
818,2015-08-25 02:20:43.155,2015-08-25 02:20:43.155,5,5,1,1,105076.08,525000.0,0.0,0,1,5.0,0.0
819,2015-05-22 20:45:29.165,2015-05-22 20:45:29.165,2,2,1,2,15240.0,15240.0,0.0,0,1,2.0,0.0
820,2015-05-24 07:45:49.016,2015-05-24 07:45:49.016,34,34,1,1,113197.41176470589,146400.0,0.5,0,1,34.0,0.0
821,2015-08-25 20:35:54.971,2015-08-25 20:35:54.971,3,3,1,1,5778.0,17280.0,0.0,0,1,3.0,0.0
822,2015-09-02 16:32:41.132,2015-09-02 16:32:41.132,3,3,1,1,19020.0,41640.0,0.0,0,1,3.0,0.0
823,2015-08-27 19:10:31.430,2015-08-27 19:10:31.430,1,1,1,0,0.0,0.0,0.0,0,1,1.0,0.0
824,2015-09-16 21:54:45.964,2015-09-16 21:59:18.333,36,36,1,1,119462.0,149400.0,0.5,0,1,36.0,0.0
825,2015-05-20 23:34:57.875,2015-05-20 23:34:57.875,4,4,1,1,79092.3,316080.0,0.0,0,1,4.0,0.0
826,2015-05-25 00:35:23.089,2015-05-25 00:45:11.658,20,20,1,1,40583.520000000004,398520.0,0.0,0,1,20.0,0.0
827,2015-06-23 21:16:24.059,2015-06-23 21:16:24.059,12,12,1,1,19322.73,223320.0,0.0,0,1,12.0,0.0
828,2015-09-09 23:17:22.061,2015-09-09 23:17:22.061,2,2,1,1,14046.0,27588.0,0.0,0,1,2.0,0.0
829,2015-05-24 22:47:12.006,2015-05-24 22:47:12.006,1,1,1,0,0.0,0.0,0.0,0,1,1.0,0.0
830,2015-07-19 01:55:39.560,2015-07-19 01:55:39.560,3,3,1,1,9058.0,27120.0,0.0,0,1,3.0,0.0
831,2015-06-11 20:42:06.745,2015-06-11 20:42:06.745,2,2,1,1,23046.0,46080.0,0.0,0,1,2.0,0.0
832,2015-09-10 18:26:53.651,2015-09-10 18:26:53.651,5,5,1,1,66283.2,70536.0,1.0,0,1,5.0,0.0
833,2015-08-14 06:12:57.119,2015-08-14 06:12:57.119,16,16,1,1,39768.225,81600.0,0.5,0,1,16.0,0.0
834,2015-06-19 04:44:35.950,2015-06-19 04:44:35.950,8,8,1,1,59340.0,237120.0,0.5,0,1,8.0,0.0
835,2015-07-31 01:00:46.043,2015-07-31 01:00:46.043,7,7,1,1,24188.571428571428,38400.0,1.0,0,1,7.0,0.0
836,2015-07-25 19:07:15.172,2015-07-25 19:07:15.172,2,2,1,1,10620.0,14400.0,0.0,0,1,2.0,0.0
837,2015-05-21 04:41:30.888,2015-05-21 04:41:30.888,10,10,1,1,34320.0,46080.0,0.5,0,1,10.0,0.0
838,2015-07-29 01:31:51.621,2015-07-29 01:31:51.621,4,4,1,1,3209442.0,6395496.0,0.5,0,1,4.0,0.0
839,2015-06-30 16:07:07.741,2015-06-30 16:07:07.741,1,1,1,1,17280.0,17280.0,0.0,0,1,1.0,0.0
840,2015-08-02 17:01:50.126,2015-08-02 17:01:50.126,1,1,1,0,0.0,0.0,0.0,0,1,1.0,0.0
841,2015-05-08 19:03:24.394,2015-05-08 19:03:24.394,2,2,1,1,79752.0,153360.0,0.0,0,1,2.0,0.0
842,2015-08-18 05:09:48.378,2015-08-18 05:09:48.378,1,1,1,0,0.0,0.0,0.0,0,1,1.0,0.0
843,2015-07-12 20:42:13.611,2015-07-12 20:42:13.611,8,8,1,1,100269.0,131280.0,0.5,0,1,8.0,0.0
844,2015-07-17 02:38:04.763,2015-07-17 02:38:04.763,10,10,1,1,3121988412.0,15609690936.0,0.5,0,1,10.0,0.0
845,2015-05-31 04:25:58.385,2015-06-08 22:40:16.090,102,82,2,1,613928.4705882353,755760.0,0.5,0,8,12.75,0.0
846,2015-07-25 18:52:34.413,2015-07-25 18:52:34.413,24,24,1,1,390582.0,506760.0,0.5,0,1,24.0,0.0
847,2015-05-18 05:38:21.318,2015-05-18 05:38:21.318,1,1,1,0,0.0,0.0,0.0,0,1,1.0,0.0
848,2015-05-18 20:04:10.122,2015-05-18 20:05:09.445,24,24,2,1,65630.0,76680.0,0.4583333333333333,0,1,24.0,0.0
849,2015-08-21 22:14:47.846,2015-08-21 22:14:47.846,20,20,1,1,362628.0,571320.0,0.5,0,1,20.0,0.0
850,2015-05-06 17:51:34.015,2015-05-06 17:51:34.015,4,4,1,1,142950401373.0,571801494132.0,0.0,0,1,4.0,0.0
851,2015-07-13 22:05:22.494,2015-07-13 22:05:22.494,27,27,1,1,451495.3022222222,816360.0,1.0,0,1,27.0,0.0
852,2015-06-14 07:47:13.469,2015-06-14 07:47:13.469,1,1,1,0,0.0,0.0,0.0,0,1,1.0,0.0
853,2015-05-27 17:40:53.977,2015-05-27 17:41:29.541,12,12,1,1,50760.0,62400.0,1.0,0,1,12.0,0.0
854,2015-07-22 20:07:50.292,2015-07-22 20:07:50.292,1,1,1,0,0.0,0.0,0.0,0,1,1.0,0.0
855,2015-07-15 13:09:45.076,2015-07-30 05:04:11.450,27,27,2,2,26389847.333333332,711683184.0,0.6296296296296297,0,14,1.9285714285714286,0.0
856,2015-08-06 14:30:10.248,2015-08-06 14:34:57.033,148,148,2,2,555268.5405405406,1042080.0,0.5,0,1,148.0,0.0
857,2015-05-13 15:22:29.369,2015-05-13 15:22:29.369,1,1,1,0,0.0,0.0,0.0,0,1,1.0,0.0
858,2015-07-16 17:52:57.782,2015-07-16 17:52:57.782,12,12,1,1,230748.0,1116144.0,0.5,0,1,12.0,0.0
859,2015-05-23 16:11:26.617,2015-06-04 01:31:46.116,36,36,6,2,23608.155428571426,74040.0,0.6,0,11,3.272727272727273,0.0
860,2015-06-19 04:34:42.686,2015-06-19 04:41:05.998,6,6,1,1,253842.0,478764.0,0.0,0,1,6.0,0.0
861,2015-09-04 02:43:38.490,2015-09-04 02:43:38.490,10,10,1,1,127080.0,224520.0,0.5,0,1,10.0,0.0
862,2015-07-15 11:28:51.639,2015-07-15 11:28:51.639,4,4,1,1,358146.0,669732.0,0.5,0,1,4.0,0.0
863,2015-07-08 19:04:54.094,2015-07-08 19:04:54.094,6,6,1,1,14170.0,18528.0,1.0,0,1,6.0,0.0
864,2015-08-25 19:53:42.030,2015-08-25 19:53:42.030,28,28,1,2,76196.57142857143,201000.0,0.5,0,1,28.0,0.0
865,2015-08-15 21:53:40.588,2015-08-15 21:53:40.588,1,1,1,1,71880.0,71880.0,0.0,0,1,1.0,0.0
866,2015-05-26 00:20:14.038,2015-05-26 00:23:27.770,38,38,2,1,138204.0,221880.0,0.631578947368421,0,1,38.0,0.0
867,2015-06-14 19:36:59.558,2015-06-14 19:36:59.558,5,5,1,1,96741.6,164160.0,1.0,0,1,5.0,0.0
868,2015-07-18 03:19:24.844,2015-07-18 03:19:24.844,3,3,1,1,6928.0,17400.0,0.0,0,1,3.0,0.0
869,2015-09-15 01:55:16.939,2015-09-15 01:55:16.939,3,3,1,1,71200.0,108000.0,1.0,0,1,3.0,0.0
870,2015-09-17 15:34:53.961,2015-09-17 15:34:53.961,2,2,1,1,8124.0,15960.0,0.0,0,1,2.0,0.0
871,2015-05-29 21:58:35.425,2015-05-29 21:58:35.425,1,1,1,1,18840.0,18840.0,0.0,0,1,1.0,0.0
872,2015-08-27 02:20:52.662,2015-08-27 02:20:52.662,5,5,1,1,88254.0,440880.0,0.0,0,1,5.0,0.0
873,2015-09-11 17:44:50.955,2015-09-11 17:44:50.955,1,1,1,0,0.0,0.0,0.0,0,1,1.0,0.0
874,2015-07-26 21:20:24.479,2015-07-26 21:20:24.479,1,1,1,0,0.0,0.0,0.0,0,1,1.0,0.0
875,2015-06-23 19:19:08.273,2015-06-23 19:19:08.273,1,1,1,1,47760.0,47760.0,0.0,0,1,1.0,0.0
876,2015-08-31 17:54:28.030,2015-08-31 17:54:28.030,1,1,1,0,0.0,0.0,0.0,0,1,1.0,0.0
877,2015-07-07 20:01:51.198,2015-08-06 21:36:59.196,82,82,4,1,47400.73170731707,177240.0,0.5853658536585366,0,30,2.7333333333333334,0.0
878,2015-07-24 04:57:32.578,2015-07-24 05:46:38.230,152,140,7,1,20053.80789473684,48960.0,0.7763157894736842,0,1,152.0,0.0
879,2015-07-31 15:30:06.911,2015-07-31 15:30:06.911,14,14,1,1,7887485038937.143,55212395173200.0,0.5,0,1,14.0,0.0
880,2015-06-30 00:07:50.413,2015-06-30 00:07:50.413,8,8,1,1,22711.5,36480.0,1.0,0,1,8.0,0.0
881,2015-07-22 05:44:29.104,2015-07-22 05:44:29.104,3,3,1,1,10664.0,31920.0,0.0,0,1,3.0,0.0
882,2015-08-11 07:10:17.289,2015-08-11 07:10:17.289,14,14,1,1,35322.857142857145,53760.0,1.0,0,1,14.0,0.0
883,2015-07-23 04:30:21.034,2015-07-23 04:30:21.034,1,1,1,0,0.0,0.0,0.0,0,1,1.0,0.0
884,2015-06-21 18:43:42.208,2015-06-21 18:43:42.208,28,28,1,1,325705.2,585840.0,0.5,0,1,28.0,0.0
885,2015-06-24 15:59:50.968,2015-06-24 15:59:50.968,1,1,1,1,13800.0,13800.0,0.0,0,1,1.0,0.0
886,2015-07-03 21:13:19.785,2015-07-03 21:13:19.785,1,1,1,0,0.0,0.0,0.0,0,1,1.0,0.0
887,2015-05-12 03:56:31.598,2015-05-12 03:56:31.598,2,2,1,2,9792.0,9792.0,0.0,0,1,2.0,0.0
888,2015-06-25 08:53:08.216,2015-06-25 08:53:08.216,3,3,1,1,36848.0,87240.0,0.0,0,1,3.0,0.0
889,2015-07-17 22:38:03.028,2015-07-17 22:42:54.739,25,25,3,2,45255.36,58320.0,1.0,0,1,25.0,0.0
890,2015-05-16 23:10:21.286,2015-05-16 23:11:17.730,31,31,3,1,14220185.806451613,110888556.0,0.5483870967741935,0,1,31.0,0.0
891,2015-05-27 18:07:57.915,2015-05-27 18:07:57.915,16,16,1,1,66009.0,84480.0,0.5,0,1,16.0,0.0
892,2015-07-28 21:14:35.728,2015-07-28 21:14:35.728,1,1,1,1,79320.0,79320.0,0.0,0,1,1.0,0.0
893,2015-08-05 20:26:10.585,2015-08-05 20:26:10.585,1,1,1,0,0.0,0.0,0.0,0,1,1.0,0.0
894,2015-08-07 14:54:31.900,2015-08-07 14:57:27.189,7,7,2,1,874121.1428571428,6003060.0,0.42857142857142855,0,1,7.0,0.0
895,2015-07-24 02:53:44.966,2015-07-24 02:53:44.966,2,2,1,1,48300.0,93960.0,0.0,0,1,2.0,0.0
896,2015-07-02 19:04:39.290,2015-07-02 19:04:39.290,2,2,1,1,558180.0,1104360.0,0.0,0,1,2.0,0.0
897,2015-07-07 23:02:18.891,2015-07-07 23:02:18.891,5,5,1,1,29623.2,145080.0,0.0,0,1,5.0,0.0
898,2015-05-30 00:29:44.597,2015-06-24 23:53:49.225,14,14,2,2,2404492545.428571,16831269960.0,0.7142857142857143,0,25,0.56,0.0
899,2015-06-10 17:14:42.780,2015-06-10 17:14:42.780,4,4,1,1,111006.0,222000.0,0.5,0,1,4.0,0.0
900,2015-06-15 20:47:31.322,2015-06-15 20:47:31.322,76,76,1,2,319865.6842105263,402360.0,0.5,0,1,76.0,0.0
901,2015-06-28 16:49:50.141,2015-06-28 16:49:50.141,12,12,1,1,38250.0,136380.0,0.5,0,1,12.0,0.0
902,2015-05-11 19:20:06.214,2015-05-11 21:18:18.075,18,18,1,1,76424.20000000001,107880.0,1.0,0,1,18.0,0.0
903,2015-06-25 01:02:36.223,2015-06-25 01:05:25.652,44,44,2,2,26304.719999999998,56280.0,0.5,0,1,44.0,0.0
904,2015-05-19 15:13:01.516,2015-05-19 15:13:02.127,12,6,1,1,31720.0,33240.0,0.5,0,1,12.0,0.0
905,2015-07-05 00:28:04.886,2015-07-05 00:28:04.886,8,8,1,1,119952.0,245760.0,0.5,0,1,8.0,0.0
906,2015-05-19 17:55:39.868,2015-05-19 17:55:39.868,6,6,1,1,33280.0,35160.0,0.5,0,1,6.0,0.0
907,2015-05-09 02:34:52.146,2015-05-09 02:34:52.146,5,5,1,1,15045.720000000001,72360.0,0.0,0,1,5.0,0.0
908,2015-07-08 19:51:55.539,2015-07-08 20:27:28.684,21,21,1,1,13494.857142857143,70320.0,0.0,0,1,21.0,0.0
909,2015-06-04 23:15:54.468,2015-06-04 23:15:54.468,1,1,1,1,35880.0,35880.0,0.0,0,1,1.0,0.0
910,2015-07-25 10:19:16.207,2015-07-25 13:21:37.860,46,46,2,1,111622.95652173914,152160.0,0.6956521739130435,0,1,46.0,0.0
911,2015-07-03 21:34:30.806,2015-07-10 01:26:41.202,80,80,2,1,133862.1,214800.0,0.5,0,6,13.333333333333334,0.0
912,2015-06-28 23:39:06.173,2015-06-28 23:39:06.173,2,2,1,1,10302.0,19680.0,0.0,0,1,2.0,0.0
913,2015-06-07 01:46:06.664,2015-06-07 01:46:06.664,4,4,1,2,4230.0,8160.0,0.0,0,1,4.0,0.0
914,2015-08-18 00:45:46.774,2015-08-18 00:50:47.831,48,16,1,1,762976.5,6050340.0,0.5,1,1,48.0,0.0625
915,2015-07-24 05:33:41.145,2015-07-24 05:33:41.145,1,1,1,1,18480.0,18480.0,0.0,0,1,1.0,0.0
916,2015-05-06 16:46:27.864,2015-05-06 16:46:39.602,44,44,2,1,21265.30909090909,46680.0,0.5,0,1,44.0,0.0
917,2015-06-04 02:07:02.498,2015-06-04 02:07:39.040,20,20,2,1,501417.0,973560.0,0.4,0,1,20.0,0.0
918,2015-07-29 20:22:37.652,2015-07-30 00:31:27.615,16,2,2,1,12478.5,13920.0,0.875,0,1,16.0,0.0
919,2015-08-06 18:12:18.300,2015-08-06 18:12:18.300,20,20,1,1,16171.2,24600.0,0.5,0,1,20.0,0.0
920,2015-07-28 15:46:40.661,2015-07-28 15:46:40.661,1,1,1,1,98880.0,98880.0,0.0,0,1,1.0,0.0
921,2015-07-19 04:44:50.213,2015-07-19 04:51:45.956,242,242,4,1,17861002.51338843,713224440.0,0.5330578512396694,0,1,242.0,0.0
922,2015-05-19 21:17:05.856,2015-05-19 22:00:06.998,12,12,1,1,59340.0,94680.0,0.5,0,1,12.0,0.0
923,2015-05-25 01:22:43.421,2015-05-25 20:23:47.606,13,13,5,1,134026.9090909091,737880.0,0.0,0,1,13.0,0.0
924,2015-06-04 19:31:23.556,2015-06-04 19:31:23.556,1,1,1,0,0.0,0.0,0.0,0,1,1.0,0.0
925,2015-05-29 15:43:06.274,2015-07-13 02:40:04.593,103,103,4,4,10945207.316504853,276732012.0,0.5242718446601942,0,44,2.340909090909091,0.0
926,2015-08-05 17:32:44.850,2015-08-05 17:32:53.803,26,26,2,1,23455.384615384617,50580.0,0.6538461538461539,0,1,26.0,0.0
927,2015-07-09 02:35:44.271,2015-07-09 02:35:44.271,4,4,1,1,21357.0,85200.0,0.0,0,1,4.0,0.0
928,2015-09-03 19:34:02.953,2015-09-03 19:34:02.953,2,2,1,1,4818918.0,9629076.0,0.0,0,1,2.0,0.0
929,2015-05-07 03:05:49.092,2015-05-07 03:05:49.092,2,2,1,1,480724260.0,961088640.0,0.0,0,1,2.0,0.0
930,2015-08-26 21:02:52.028,2015-08-26 21:02:52.028,2,2,1,1,38106.0,76200.0,1.0,0,1,2.0,0.0
931,2015-09-09 16:31:36.904,2015-09-09 16:31:36.904,18,18,1,1,56506.666666666664,75600.0,0.5,0,1,18.0,0.0
932,2015-05-21 21:15:40.959,2015-05-21 21:28:56.505,12,12,1,1,5610.0,16320.0,0.0,0,1,12.0,0.0
933,2015-09-12 17:16:38.452,2015-09-12 17:16:38.452,3,3,1,1,97808.0,270000.0,0.0,0,1,3.0,0.0
934,2015-05-13 03:27:46.729,2015-05-25 20:16:52.132,2,2,1,1,47880.0,47880.0,0.0,0,12,0.16666666666666666,0.0
935,2015-05-31 11:47:15.705,2015-05-31 11:47:15.705,2,2,1,1,111798.0,223080.0,0.0,0,1,2.0,0.0
936,2015-06-11 02:56:51.371,2015-06-11 02:56:51.371,10,10,1,1,43306.007999999994,430560.0,0.0,0,1,10.0,0.0
937,2015-07-10 20:55:22.654,2015-07-10 20:55:22.654,12,12,1,1,19439.19,228120.0,0.0,0,1,12.0,0.0
938,2015-08-17 02:37:02.071,2015-08-17 02:37:02.071,22,22,1,1,44263.63636363636,59280.0,0.5,0,1,22.0,0.0
939,2015-08-31 16:52:53.384,2015-08-31 16:52:53.384,2,2,1,1,480457182.0,960782484.0,0.0,0,1,2.0,0.0
940,2015-06-04 14:44:35.253,2015-06-04 14:45:15.146,36,36,2,1,29676.666666666668,45720.0,0.5,0,1,36.0,0.0
941,2015-06-01 18:36:40.003,2015-06-01 18:36:40.003,10,10,1,1,172728.0,234360.0,0.5,0,1,10.0,0.0
942,2015-05-14 20:57:01.010,2015-06-01 23:25:35.050,9,9,1,1,65768.0,173880.0,0.0,0,18,0.5,0.0
943,2015-07-18 14:39:17.972,2015-07-18 14:39:17.972,2,2,1,1,25680.0,32160.0,0.0,0,1,2.0,0.0
944,2015-08-08 09:35:34.132,2015-08-08 09:36:24.164,66,66,2,1,59310.90909090909,98520.0,0.5,0,1,66.0,0.0
945,2015-05-08 19:54:32.701,2015-08-12 19:50:39.771,23,23,2,2,82599.91304347826,153876.0,1.0,0,95,0.24210526315789474,0.0
946,2015-08-14 03:28:59.270,2015-08-14 03:28:59.270,2,2,1,1,8532.0,16800.0,0.0,0,1,2.0,0.0
947,2015-06-01 08:39:39.937,2015-06-01 08:39:39.937,9,9,1,1,26760.28,239880.0,0.0,0,1,9.0,0.0
948,2015-07-17 03:14:13.957,2015-07-17 03:14:13.957,1,1,1,1,21840.0,21840.0,0.0,0,1,1.0,0.0
949,2015-05-08 02:14:27.860,2015-05-08 02:14:27.860,8,8,1,1,25782.0,34080.0,0.5,0,1,8.0,0.0
950,2015-07-03 03:56:13.877,2015-07-03 03:56:13.877,1,1,1,0,0.0,0.0,0.0,0,1,1.0,0.0
951,2015-08-16 20:28:28.203,2015-08-16 20:28:28.203,5,5,1,1,14713612.8,73218384.0,1.0,0,1,5.0,0.0
952,2015-05-31 02:58:58.154,2015-05-31 02:58:58.154,6,6,1,1,67276.0,185148.0,0.5,0,1,6.0,0.0
953,2015-06-02 20:10:16.428,2015-06-02 20:10:16.428,30,30,1,1,172485.6,302280.0,0.5,0,1,30.0,0.0
954,2015-09-05 18:47:55.122,2015-09-05 18:47:55.122,1,1,1,1,183120.0,183120.0,0.0,0,1,1.0,0.0
955,2015-05-18 02:33:54.247,2015-05-18 02:33:54.247,3,3,1,1,203680.0,573120.0,1.0,0,1,3.0,0.0
956,2015-09-14 03:36:57.925,2015-09-14 03:36:57.925,1,1,1,1,45240.0,45240.0,0.0,0,1,1.0,0.0
957,2015-06-17 19:40:34.517,2015-06-17 19:40:34.517,20,20,1,2,26282.4,61800.0,0.5,0,1,20.0,0.0
958,2015-05-17 01:50:24.620,2015-05-17 01:50:24.620,20,20,1,2,168505.776,808536.0,0.5,0,1,20.0,0.0
959,2015-07-08 20:32:32.730,2015-07-08 20:32:32.730,10,10,1,2,16011.36,72480.0,0.0,0,1,10.0,0.0
960,2015-05-16 15:41:33.447,2015-05-16 15:41:33.447,3,3,1,1,43880.0,91200.0,0.0,0,1,3.0,0.0
961,2015-09-08 22:43:50.258,2015-09-08 22:43:50.258,1,1,1,1,35880.0,35880.0,0.0,0,1,1.0,0.0
962,2015-05-30 15:52:28.169,2015-05-30 15:58:47.420,13,13,2,1,40087.38461538462,112056.0,0.7692307692307693,0,1,13.0,0.0
963,2015-06-25 21:16:43.347,2015-06-25 21:16:43.347,10,10,1,1,69892.8,241920.0,0.5,0,1,10.0,0.0
964,2015-07-14 19:20:46.832,2015-07-14 19:55:09.611,96,72,1,1,668058068.0,4008264024.0,0.5,1,1,96.0,0.013888888888888888
965,2015-07-21 23:59:50.648,2015-07-21 23:59:50.648,3,3,1,1,271824.0,791880.0,0.0,0,1,3.0,0.0
966,2015-07-02 18:16:51.530,2015-07-02 18:16:51.530,2,2,1,1,102000.0,102000.0,0.5,0,1,2.0,0.0
967,2015-09-10 19:02:41.653,2015-09-10 19:02:41.653,20,20,1,1,38981.382,323880.0,0.5,0,1,20.0,0.0
968,2015-08-27 23:37:42.786,2015-08-27 23:37:42.786,8,8,1,1,55158.0,162312.0,0.5,0,1,8.0,0.0
969,2015-09-07 05:26:27.926,2015-09-07 05:26:27.926,22,22,1,1,404729.45454545453,466680.0,0.5,0,1,22.0,0.0
970,2015-05-20 21:35:06.015,2015-09-03 01:49:51.692,53,53,4,2,17885.66037735849,27600.0,0.9811320754716981,0,105,0.5047619047619047,0.0
971,2015-06-13 15:57:41.705,2015-06-13 15:57:41.705,1,1,1,0,0.0,0.0,0.0,0,1,1.0,0.0
972,2015-07-27 03:42:52.916,2015-07-27 03:46:11.594,22,22,1,1,334147.63636363635,403560.0,1.0,0,1,22.0,0.0
973,2015-06-17 15:27:17.567,2015-06-17 15:27:17.567,6,6,1,1,24510.0,45420.0,1.0,0,1,6.0,0.0
974,2015-05-16 19:47:25.204,2015-05-16 19:47:25.204,2,2,1,1,4992.0,9720.0,0.0,0,1,2.0,0.0
975,2015-06-10 04:32:32.614,2015-06-10 04:32:32.614,6,6,1,1,110760.0,169680.0,0.5,0,1,6.0,0.0
976,2015-07-02 22:20:18.307,2015-07-02 22:20:18.307,24,24,1,1,53641.5,87600.0,0.5,0,1,24.0,0.0
977,2015-07-30 18:33:29.712,2015-07-30 18:33:29.712,1,1,1,0,0.0,0.0,0.0,0,1,1.0,0.0
978,2015-06-15 17:38:37.410,2015-06-15 17:38:37.410,10,10,1,1,117220.8,150120.0,0.5,0,1,10.0,0.0
979,2015-07-25 02:06:16.887,2015-07-25 02:06:16.887,1,1,1,1,9960.0,9960.0,0.0,0,1,1.0,0.0
980,2015-07-22 16:07:53.318,2015-07-22 16:07:53.318,5,5,1,1,36818.4,138240.0,0.0,0,1,5.0,0.0
981,2015-08-31 15:30:49.814,2015-08-31 15:30:49.814,24,24,1,1,65460.0,119880.0,0.5,0,1,24.0,0.0
982,2015-05-10 16:49:56.102,2015-05-11 19:05:17.462,74,74,3,4,106010.4,208080.0,0.581081081081081,0,1,74.0,0.0
983,2015-05-20 04:10:51.511,2015-05-20 04:14:52.019,38,38,6,1,14318507.684210526,241236024.0,0.5263157894736842,0,1,38.0,0.0
984,2015-07-18 22:54:41.148,2015-07-18 22:54:41.148,4,4,1,1,72548.4,289680.0,0.0,0,1,4.0,0.0
985,2015-06-29 01:17:55.973,2015-06-29 01:17:55.973,3,3,1,1,20294.0,60840.0,0.0,0,1,3.0,0.0
986,2015-05-31 02:59:02.751,2015-05-31 02:59:02.751,6,6,1,1,23024.2,133560.0,0.0,0,1,6.0,0.0
987,2015-07-30 22:16:23.494,2015-07-30 22:16:23.494,32,32,1,1,439628.175,1310160.0,0.5,0,1,32.0,0.0
988,2015-06-18 16:35:13.605,2015-06-18 16:35:13.605,6,6,1,1,32840.0,33360.0,0.5,0,1,6.0,0.0
989,2015-05-13 04:53:16.474,2015-05-13 04:54:24.577,94,94,3,1,899859.3191489362,35528508.0,0.5,0,1,94.0,0.0
990,2015-07-28 14:37:33.440,2015-07-28 14:37:33.440,20,20,1,1,28395.840000000004,38040.0,0.5,0,1,20.0,0.0
991,2015-06-04 23:07:42.661,2015-06-04 23:07:42.661,2,2,1,1,4926.0,9840.0,0.0,0,1,2.0,0.0
992,2015-08-05 02:03:59.773,2015-08-30 23:26:01.577,6,6,2,1,37672.0,115560.0,0.0,0,25,0.24,0.0
993,2015-07-27 20:34:14.959,2015-07-27 20:34:59.148,4,4,2,1,43410.0,93960.0,0.0,0,1,4.0,0.0
994,2015-07-14 17:17:24.337,2015-07-14 17:17:24.337,14,14,1,1,25151.657142857144,60720.0,0.5,0,1,14.0,0.0
995,2015-05-06 02:04:34.444,2015-05-07 01:03:50.247,32,32,1,1,73559.4,154680.0,0.5,0,1,32.0,0.0
996,2015-05-08 07:21:28.303,2015-05-08 07:21:28.303,11,11,1,1,31854.545454545456,39120.0,1.0,0,1,11.0,0.0
997,2015-06-21 03:12:17.789,2015-06-21 03:12:17.789,3,3,1,1,44108.0,130560.0,0.0,0,1,3.0,0.0
998,2015-09-18 02:13:07.203,2015-09-18 02:13:07.203,1,1,1,0,0.0,0.0,0.0,0,1,1.0,0.0
999,2015-05-29 00:35:57.524,2015-05-29 00:35:57.524,22,22,1,1,95466.54545454546,135840.0,0.5,0,1,22.0,0.0
